"DateTime";"[Chambre][5PST02-A 4in1 Multi-Sensor][Ouverture] ";"[Chambre][Chambre à coucher][Température] °C";"[Lyon][exterieur][Température] °C"
"2018-05-06 00:00:00";;19,2;19,75
"2018-05-06 01:00:00";;19,2;19,45
"2018-05-06 02:00:00";;19,225;19,25
"2018-05-06 03:00:00";;19,3;19,075
"2018-05-06 04:00:00";;19,3;18,9
"2018-05-06 05:00:00";;19,3;18,675
"2018-05-06 06:00:00";;19,3;18,5
"2018-05-06 07:00:00";;19,3;18,45
"2018-05-06 08:00:00";;19,3;18,65
"2018-05-06 09:00:00";;19,3;19,175
"2018-05-06 10:00:00";;19,3;20,075
"2018-05-06 11:00:00";;19,45;20,85
"2018-05-06 12:00:00";;19,775;21,7
"2018-05-06 13:00:00";;19,9;22,4
"2018-05-06 14:00:00";;19,9;22,975
"2018-05-06 15:00:00";;20;23,5
"2018-05-06 16:00:00";;20,1;23,775
"2018-05-06 17:00:00";;20,1;23,775
"2018-05-06 18:00:00";;20,125;23,55
"2018-05-06 18:50:22";1
"2018-05-06 19:00:00";;20,325;23,1
"2018-05-06 20:00:00";;20,525;22,575
"2018-05-06 21:00:00";;20,6;22,225
"2018-05-06 22:00:00";;20,725;21,975
"2018-05-06 22:44:44";0
"2018-05-06 23:00:00";;21,125;21,75
"2018-05-07 00:00:00";;21,4;21,5
"2018-05-07 01:00:00";;21,35;21,225
"2018-05-07 02:00:00";;21,3;20,95
"2018-05-07 03:00:00";;21,2;20,65
"2018-05-07 04:00:00";;21,175;20,4
"2018-05-07 05:00:00";;21,1;20,2
"2018-05-07 06:00:00";;21,1;19,85
"2018-05-07 07:00:00";;21,175;19,825
"2018-05-07 08:00:00";;21,5;20,025
"2018-05-07 08:31:55";1
"2018-05-07 09:00:00";;21,6;20,6
"2018-05-07 10:00:00";;21,525;21,475
"2018-05-07 11:00:00";;21,5;22,25
"2018-05-07 12:00:00";;21,6;23,05
"2018-05-07 13:00:00";;21,6;23,75
"2018-05-07 14:00:00";;21,7;24,3
"2018-05-07 15:00:00";;21,8;24,8
"2018-05-07 16:00:00";;21,875;25
"2018-05-07 17:00:00";;21,9;24,925
"2018-05-07 18:00:00";;21,95;24,65
"2018-05-07 19:00:00";;22;24,1
"2018-05-07 20:00:00";;22;23,625
"2018-05-07 21:00:00";;22;23,075
"2018-05-07 22:00:00";;22;22,2
"2018-05-07 23:00:00";;22,1;21,675
"2018-05-08 00:00:00";;22,2;21,4
"2018-05-08 01:00:00";;22,125;21,125
"2018-05-08 02:00:00";;22,1;20,85
"2018-05-08 03:00:00";;22;20,65
"2018-05-08 04:00:00";;21,825;20,25
"2018-05-08 05:00:00";;21,75;20
"2018-05-08 06:00:00";;21,65;19,825
"2018-05-08 07:00:00";;21,575;19,675
"2018-05-08 08:00:00";;21,45;19,85
"2018-05-08 09:00:00";;21,225;20,475
"2018-05-08 10:00:00";;21,1;20,825
"2018-05-08 11:00:00";;21,225;21,6
"2018-05-08 12:00:00";;21,5;22,35
"2018-05-08 13:00:00";;21,675;22,7
"2018-05-08 14:00:00";;21,85;23,4
"2018-05-08 15:00:00";;21,875;23,5
"2018-05-08 16:00:00";;21,9;23,7
"2018-05-08 17:00:00";;22;23,775
"2018-05-08 18:00:00";;22;23,775
"2018-05-08 19:00:00";;22;23,05
"2018-05-08 20:00:00";;21,925;22,25
"2018-05-08 21:00:00";;21,775;21,475
"2018-05-08 22:00:00";;21,65;21,125
"2018-05-08 23:00:00";;21,75;20,925
"2018-05-08 23:14:35";0
"2018-05-09 00:00:00";;22,075;20,825
"2018-05-09 01:00:00";;22,1;20,775
"2018-05-09 02:00:00";;22,1;20,7
"2018-05-09 03:00:00";;22,1;20,625
"2018-05-09 04:00:00";;22,075;20,5
"2018-05-09 05:00:00";;22;20,25
"2018-05-09 06:00:00";;22;20,025
"2018-05-09 07:00:00";;22;19,9
"2018-05-09 08:00:00";;22,025;20,05
"2018-05-09 08:57:56";1
"2018-05-09 09:00:00";;21,8;20,65
"2018-05-09 10:00:00";;21,575;20,775
"2018-05-09 11:00:00";;21,5;21,125
"2018-05-09 12:00:00";;21,5;21,725
"2018-05-09 13:00:00";;21,55;22,15
"2018-05-09 14:00:00";;21,75;22,8
"2018-05-09 15:00:00";;21,95;23,325
"2018-05-09 16:00:00";;22,1;23,35
"2018-05-09 17:00:00";;22,1;23,025
"2018-05-09 18:00:00";;22,125;22,55
"2018-05-09 19:00:00";;22,025;22,1
"2018-05-09 20:00:00";;21,9;21,45
"2018-05-09 20:43:01";0
"2018-05-09 21:00:00";;21,9;21
"2018-05-09 22:00:00";;21,9;20,7
"2018-05-09 23:00:00";;21,9;20,55
"2018-05-10 00:00:00";;21,9;20,275
"2018-05-10 01:00:00";;21,9;20,075
"2018-05-10 02:00:00";;21,85;19,925
"2018-05-10 03:00:00";;21,8;20
"2018-05-10 04:00:00";;21,8;19,9
"2018-05-10 05:00:00";;21,75;19,8
"2018-05-10 06:00:00";;21,7;19,65
"2018-05-10 07:00:00";;21,7;19,425
"2018-05-10 08:00:00";;21,6;19,275
"2018-05-10 09:00:00";;21,6;19,075
"2018-05-10 10:00:00";;21,55;18,75
"2018-05-10 11:00:00";;21,5;18,6
"2018-05-10 12:00:00";;21,425;18,775
"2018-05-10 13:00:00";;21,4;19,25
"2018-05-10 14:00:00";;21,4;19,625
"2018-05-10 15:00:00";;21,325;19,95
"2018-05-10 16:00:00";;21,3;20,35
"2018-05-10 17:00:00";;21,3;20,325
"2018-05-10 18:00:00";;21,25;19,875
"2018-05-10 19:00:00";;21,2;19,525
"2018-05-10 20:00:00";;21,2;19,15
"2018-05-10 21:00:00";;21,2;18,75
"2018-05-10 22:00:00";;21,2;18,425
"2018-05-10 23:00:00";;21,1;18,05
"2018-05-11 00:00:00";;21,1;17,725
"2018-05-11 01:00:00";;21;17,3
"2018-05-11 02:00:00";;20,95;16,875
"2018-05-11 03:00:00";;20,9;16,725
"2018-05-11 04:00:00";;20,85;16,5
"2018-05-11 05:00:00";;20,775;16,3
"2018-05-11 06:00:00";;20,7;15,875
"2018-05-11 07:00:00";;20,625;15,95
"2018-05-11 08:00:00";;20,6;16,1
"2018-05-11 09:00:00";;20,5;16,85
"2018-05-11 10:00:00";;20,5;17,55
"2018-05-11 11:00:00";;20,5;18,5
"2018-05-11 12:00:00";;20,5;19,15
"2018-05-11 13:00:00";;20,5;19,75
"2018-05-11 14:00:00";;20,575;20,425
"2018-05-11 15:00:00";;20,65;21,1
"2018-05-11 16:00:00";;20,7;21,6
"2018-05-11 17:00:00";;20,775;21,7
"2018-05-11 18:00:00";;20,8;21,6
"2018-05-11 19:00:00";;20,8;21,375
"2018-05-11 20:00:00";;20,8;21,05
"2018-05-11 21:00:00";;20,85;20,725
"2018-05-11 22:00:00";;20,9;20,575
"2018-05-11 23:00:00";;20,9;20,275
"2018-05-12 00:00:00";;20,9;20,05
"2018-05-12 01:00:00";;20,9;19,9
"2018-05-12 02:00:00";;20,9;19,575
"2018-05-12 03:00:00";;20,9;19,275
"2018-05-12 04:00:00";;20,9;18,975
"2018-05-12 05:00:00";;20,9;18,45
"2018-05-12 06:00:00";;20,9;17,975
"2018-05-12 07:00:00";;20,825;17,875
"2018-05-12 08:00:00";;20,8;17,975
"2018-05-12 09:00:00";;20,8;18,625
"2018-05-12 10:00:00";;20,75;19,5
"2018-05-12 11:00:00";;20,75;20,625
"2018-05-12 12:00:00";;20,8;21,8
"2018-05-12 13:00:00";;20,9;22,875
"2018-05-12 14:00:00";;20,9;23,425
"2018-05-12 15:00:00";;20,9;23,425
"2018-05-12 16:00:00";;20,9;23,15
"2018-05-12 17:00:00";;20,9;22,95
"2018-05-12 18:00:00";;20,9;22,725
"2018-05-12 19:00:00";;20,925;22,35
"2018-05-12 20:00:00";;21;21,9
"2018-05-12 21:00:00";;21;20,75
"2018-05-12 22:00:00";;21;18,075
"2018-05-12 23:00:00";;20,95;17,2
"2018-05-13 00:00:00";;20,9;17,125
"2018-05-13 01:00:00";;20,875;16,95
"2018-05-13 02:00:00";;20,775;16,45
"2018-05-13 03:00:00";;20,7;15,75
"2018-05-13 04:00:00";;20,575;15,15
"2018-05-13 05:00:00";;20,475;15,025
"2018-05-13 06:00:00";;20,35;14,875
"2018-05-13 07:00:00";;20,225;14,9
"2018-05-13 08:00:00";;20,15;14,575
"2018-05-13 09:00:00";;20,05;14,3
"2018-05-13 10:00:00";;19,95;14,35
"2018-05-13 11:00:00";;19,9;14,425
"2018-05-13 12:00:00";;19,8;14,3
"2018-05-13 13:00:00";;19,7;14,3
"2018-05-13 14:00:00";;19,65;14,325
"2018-05-13 15:00:00";;19,575;14,05
"2018-05-13 16:00:00";;19,475;13,825
"2018-05-13 17:00:00";;19,375;13,55
"2018-05-13 18:00:00";;19,3;13,325
"2018-05-13 19:00:00";;19,2;13,2
"2018-05-13 20:00:00";;19,1;13,125
"2018-05-13 21:00:00";;19;13,075
"2018-05-13 22:00:00";;18,9;13,125
"2018-05-13 23:00:00";;18,825;13,1
"2018-05-14 00:00:00";;18,7;12,925
"2018-05-14 00:41:36";1
"2018-05-14 00:54:47";0
"2018-05-14 01:00:00";;18,825;12,8
"2018-05-14 02:00:00";;18,9;12,675
"2018-05-14 03:00:00";;18,9;12,6
"2018-05-14 04:00:00";;18,9;12,725
"2018-05-14 05:00:00";;18,9;12,775
"2018-05-14 06:00:00";;18,8;12,8
"2018-05-14 07:00:00";;18,8;12,775
"2018-05-14 08:00:00";;18,825;12,8
"2018-05-14 09:00:00";;18,55;12,925
"2018-05-14 09:30:58";1
"2018-05-14 10:00:00";;17,375;12,925
"2018-05-14 11:00:00";;17,625;13,05
"2018-05-14 11:09:46";0
"2018-05-14 12:00:00";;18,225;13,6
"2018-05-14 13:00:00";;18,4;13,925
"2018-05-14 14:00:00";;18,425;14,375
"2018-05-14 15:00:00";;18,5;14,6
"2018-05-14 16:00:00";;18,525;14,65
"2018-05-14 17:00:00";;18,6;14,65
"2018-05-14 18:00:00";;18,5;14,725
"2018-05-14 19:00:00";;18,5;14,675
"2018-05-14 20:00:00";;18,55;14,6
"2018-05-14 21:00:00";;18,6;14,525
"2018-05-14 22:00:00";;18,7;14,65
"2018-05-14 23:00:00";;18,7;14,7
"2018-05-15 00:00:00";;18,975;14,675
"2018-05-15 01:00:00";;19,1;14,7
"2018-05-15 02:00:00";;19;14,75
"2018-05-15 03:00:00";;18,95;14,7
"2018-05-15 04:00:00";;18,875;14,6
"2018-05-15 05:00:00";;18,8;14,525
"2018-05-15 06:00:00";;18,8;14,575
"2018-05-15 07:00:00";;18,825;14,625
"2018-05-15 08:00:00";;18,55;14,85
"2018-05-15 08:28:58";1
"2018-05-15 09:00:00";;17,625;15,025
"2018-05-15 10:00:00";;17,275;15,325
"2018-05-15 11:00:00";;17,2;15,45
"2018-05-15 12:00:00";;17,8;15,825
"2018-05-15 12:06:35";0
"2018-05-15 13:00:00";;18,15;17
"2018-05-15 14:00:00";;18,325;17,825
"2018-05-15 15:00:00";;18,425;18,2
"2018-05-15 16:00:00";;18,5;18,6
"2018-05-15 17:00:00";;18,575;18,725
"2018-05-15 18:00:00";;18,6;18,175
"2018-05-15 19:00:00";;18,65;17,5
"2018-05-15 20:00:00";;18,625;16,95
"2018-05-15 21:00:00";;18,6;16,6
"2018-05-15 22:00:00";;18,7;16,175
"2018-05-15 23:00:00";;18,7;16,15
"2018-05-16 00:00:00";;18,775;16,075
"2018-05-16 01:00:00";;18,8;16
"2018-05-16 02:00:00";;18,8;15,75
"2018-05-16 03:00:00";;18,8;15,575
"2018-05-16 04:00:00";;18,75;15,5
"2018-05-16 05:00:00";;18,7;15,4
"2018-05-16 06:00:00";;18,725;15,4
"2018-05-16 07:00:00";;18,8;15,425
"2018-05-16 08:00:00";;18,725;15,6
"2018-05-16 08:26:40";1
"2018-05-16 09:00:00";;18,25;15,95
"2018-05-16 10:00:00";;18,025;16,5
"2018-05-16 11:00:00";;18,15;17,35
"2018-05-16 11:26:53";0
"2018-05-16 12:00:00";;18,45;17,875
"2018-05-16 13:00:00";;18,625;18,725
"2018-05-16 14:00:00";;18,7;19,35
"2018-05-16 15:00:00";;18,725;19,225
"2018-05-16 16:00:00";;18,8;19,525
"2018-05-16 17:00:00";;18,8;19,1
"2018-05-16 18:00:00";;18,8;18,8
"2018-05-16 19:00:00";;18,8;18,375
"2018-05-16 20:00:00";;18,85;18
"2018-05-16 21:00:00";;18,9;17,6
"2018-05-16 22:00:00";;18,95;17,35
"2018-05-16 23:00:00";;19,075;16,875
"2018-05-17 00:00:00";;19,3;16,65
"2018-05-17 01:00:00";;19,3;16,55
"2018-05-17 02:00:00";;19,225;16,55
"2018-05-17 03:00:00";;19,2;16,2
"2018-05-17 04:00:00";;19,2;15,975
"2018-05-17 05:00:00";;19,1;15,7
"2018-05-17 06:00:00";;19,1;15,45
"2018-05-17 07:00:00";;19,15;15,575
"2018-05-17 08:00:00";;18,85;16,15
"2018-05-17 08:05:26";1
"2018-05-17 09:00:00";;18,45;16,775
"2018-05-17 10:00:00";;18,4;17,4
"2018-05-17 11:00:00";;18,4;18,275
"2018-05-17 12:00:00";;18,65;18,525
"2018-05-17 12:11:29";0
"2018-05-17 13:00:00";;18,875;19,15
"2018-05-17 14:00:00";;18,95;19,6
"2018-05-17 15:00:00";;19,025;19,95
"2018-05-17 16:00:00";;19,1;20,175
"2018-05-17 17:00:00";;19,1;20,1
"2018-05-17 18:00:00";;19,1;20,075
"2018-05-17 19:00:00";;19,1;19,625
"2018-05-17 20:00:00";;19,175;19,225
"2018-05-17 21:00:00";;19,2;18,9
"2018-05-17 22:00:00";;19,275;18,6
"2018-05-17 23:00:00";;19,3;18,325
"2018-05-18 00:00:00";;19,3;18
"2018-05-18 01:00:00";;19,3;17,8
"2018-05-18 02:00:00";;19,3;17,55
"2018-05-18 03:00:00";;19,3;17,275
"2018-05-18 04:00:00";;19,3;17,15
"2018-05-18 05:00:00";;19,225;16,925
"2018-05-18 06:00:00";;19,2;16,675
"2018-05-18 07:00:00";;19,275;16,6
"2018-05-18 08:00:00";;19,3;16,75
"2018-05-18 09:00:00";;19,375;17,525
"2018-05-18 10:00:00";;19,4;18,175
"2018-05-18 11:00:00";;19,4;18,8
"2018-05-18 12:00:00";;19,4;19,525
"2018-05-18 13:00:00";;19,425;20,225
"2018-05-18 13:50:57";1
"2018-05-18 14:00:00";;19,6;20,875
"2018-05-18 15:00:00";;19,75;21,525
"2018-05-18 16:00:00";;19,875;21,95
"2018-05-18 17:00:00";;19,9;21,9
"2018-05-18 18:00:00";;20;21,75
"2018-05-18 19:00:00";;20;21,45
"2018-05-18 20:00:00";;20;20,925
"2018-05-18 21:00:00";;19,925;20,45
"2018-05-18 22:00:00";;19,875;19,975
"2018-05-18 23:00:00";;19,775;19,55
"2018-05-19 00:00:00";;19,725;19,2
"2018-05-19 00:50:37";0
"2018-05-19 01:00:00";;20,025;18,8
"2018-05-19 02:00:00";;20,1;18,45
"2018-05-19 03:00:00";;20,1;18,1
"2018-05-19 04:00:00";;20,1;17,85
"2018-05-19 05:00:00";;20,075;17,55
"2018-05-19 06:00:00";;20;17,2
"2018-05-19 07:00:00";;20;17,125
"2018-05-19 08:00:00";;20;17,45
"2018-05-19 08:59:59";1
"2018-05-19 09:00:00";;19,725;18,225
"2018-05-19 10:00:00";;19,55;19,1
"2018-05-19 11:00:00";;19,575;19,9
"2018-05-19 12:00:00";;19,75;20,7
"2018-05-19 13:00:00";;19,875;21,2
"2018-05-19 14:00:00";;20,1;21,75
"2018-05-19 15:00:00";;20,25;22,175
"2018-05-19 16:00:00";;20,45;22,4
"2018-05-19 17:00:00";;20,5;22,325
"2018-05-19 18:00:00";;20,5;22,075
"2018-05-19 19:00:00";;20,5;21,675
"2018-05-19 20:00:00";;20,5;21,25
"2018-05-19 21:00:00";;20,475;20,775
"2018-05-19 22:00:00";;20,4;20,4
"2018-05-19 23:00:00";;20,3;20,05
"2018-05-19 23:49:07";0
"2018-05-20 00:00:00";;20,475;19,525
"2018-05-20 01:00:00";;20,6;19,175
"2018-05-20 02:00:00";;20,7;18,975
"2018-05-20 03:00:00";;20,7;18,65
"2018-05-20 04:00:00";;20,775;18,275
"2018-05-20 05:00:00";;20,7;18
"2018-05-20 06:00:00";;20,7;17,65
"2018-05-20 07:00:00";;20,675;17,7
"2018-05-20 08:00:00";;20,625;17,975
"2018-05-20 09:00:00";;20,525;18,9
"2018-05-20 09:43:06";1
"2018-05-20 10:00:00";;20,175;19,75
"2018-05-20 11:00:00";;20,125;20,425
"2018-05-20 12:00:00";;20,3;21,1
"2018-05-20 13:00:00";;20,45;21,675
"2018-05-20 14:00:00";;20,575;22,2
"2018-05-20 15:00:00";;20,725;22,625
"2018-05-20 16:00:00";;20,825;22,875
"2018-05-20 17:00:00";;20,9;22,8
"2018-05-20 18:00:00";;21,05;22,55
"2018-05-20 18:08:34";0
"2018-05-20 18:48:15";1
"2018-05-20 19:00:00";;21,075;22,15
"2018-05-20 20:00:00";;21;21,75
"2018-05-20 21:00:00";;20,925;21,375
"2018-05-20 22:00:00";;20,9;21,05
"2018-05-20 23:00:00";;20,875;20,625
"2018-05-21 00:00:00";;20,9;20,225
"2018-05-21 00:30:38";0
"2018-05-21 01:00:00";;21,1;19,925
"2018-05-21 02:00:00";;21,1;19,65
"2018-05-21 03:00:00";;21,1;19,3
"2018-05-21 04:00:00";;21,1;18,95
"2018-05-21 05:00:00";;21,1;18,775
"2018-05-21 06:00:00";;21;18,725
"2018-05-21 07:00:00";;21;18,9
"2018-05-21 08:00:00";;20,975;19,3
"2018-05-21 08:52:11";1
"2018-05-21 09:00:00";;20,675;19,4
"2018-05-21 10:00:00";;20,4;19,375
"2018-05-21 11:00:00";;20,25;19,975
"2018-05-21 12:00:00";;20,4;21,025
"2018-05-21 13:00:00";;20,75;22,05
"2018-05-21 14:00:00";;21,025;23
"2018-05-21 15:00:00";;21,1;23,2
"2018-05-21 16:00:00";;21,1;23,275
"2018-05-21 17:00:00";;21,125;23,275
"2018-05-21 18:00:00";;21,2;23,05
"2018-05-21 19:00:00";;21,2;22,675
"2018-05-21 20:00:00";;21,25;22,2
"2018-05-21 21:00:00";;21,2;21,775
"2018-05-21 22:00:00";;21,15;20,85
"2018-05-21 23:00:00";;21,225;19,975
"2018-05-21 23:11:20";0
"2018-05-22 00:00:00";;21,4;19,65
"2018-05-22 01:00:00";;21,4;19,55
"2018-05-22 02:00:00";;21,4;19,4
"2018-05-22 03:00:00";;21,4;19,35
"2018-05-22 04:00:00";;21,4;19,25
"2018-05-22 05:00:00";;21,375;18,975
"2018-05-22 06:00:00";;21,3;18,7
"2018-05-22 07:00:00";;21,35;18,8
"2018-05-22 08:00:00";;21,275;19,175
"2018-05-22 08:55:45";1
"2018-05-22 09:00:00";;20,975;19,7
"2018-05-22 10:00:00";;20,9;20,55
"2018-05-22 11:00:00";;20,925;21,475
"2018-05-22 12:00:00";;21,075;22,2
"2018-05-22 13:00:00";;21,2;22,6
"2018-05-22 14:00:00";;21,3;23
"2018-05-22 15:00:00";;21,375;23,2
"2018-05-22 16:00:00";;21,45;23,35
"2018-05-22 17:00:00";;21,575;23,35
"2018-05-22 18:00:00";;21,6;23,175
"2018-05-22 19:00:00";;21,6;22,825
"2018-05-22 20:00:00";;21,45;21,8
"2018-05-22 21:00:00";;21,325;20,625
"2018-05-22 21:26:30";0
"2018-05-22 22:00:00";;21,4;19,625
"2018-05-22 23:00:00";;21,45;19,425
"2018-05-23 00:00:00";;21,5;19,5
"2018-05-23 01:00:00";;21,5;19,5
"2018-05-23 02:00:00";;21,5;19,4
"2018-05-23 03:00:00";;21,5;19,275
"2018-05-23 04:00:00";;21,5;19,075
"2018-05-23 05:00:00";;21,45;18,925
"2018-05-23 06:00:00";;21,4;18,825
"2018-05-23 07:00:00";;21,4;18,9
"2018-05-23 08:00:00";;21,35;19
"2018-05-23 09:00:00";;21,125;19,3
"2018-05-23 09:09:58";1
"2018-05-23 10:00:00";;21,1;19,775
"2018-05-23 11:00:00";;21,1;20,25
"2018-05-23 12:00:00";;21,1;20,925
"2018-05-23 13:00:00";;21,1;21,475
"2018-05-23 14:00:00";;21,1;21,425
"2018-05-23 15:00:00";;21,1;20,4
"2018-05-23 16:00:00";;21,1;20,25
"2018-05-23 17:00:00";;21,1;20,575
"2018-05-23 18:00:00";;21,1;20,5
"2018-05-23 19:00:00";;21,1;20,3
"2018-05-23 20:00:00";;21,1;20,1
"2018-05-23 21:00:00";;21,1;19,85
"2018-05-23 22:00:00";;21,1;19,55
"2018-05-23 23:00:00";;21,1;19,35
"2018-05-24 00:00:00";;21,1;19,125
"2018-05-24 00:51:53";0
"2018-05-24 01:00:00";;21,1;18,85
"2018-05-24 02:00:00";;21,1;18,7
"2018-05-24 03:00:00";;21,1;18,5
"2018-05-24 04:00:00";;21,1;18,4
"2018-05-24 05:00:00";;21,1;18,25
"2018-05-24 06:00:00";;21,1;17,95
"2018-05-24 07:00:00";;21,1;17,85
"2018-05-24 08:00:00";;21,1;18
"2018-05-24 08:42:53";1
"2018-05-24 09:00:00";;21,1;18,55
"2018-05-24 10:00:00";;21,1;19,5
"2018-05-24 11:00:00";;22,475;20,55
"2018-05-24 11:54:45";0
"2018-05-24 12:00:00";;21,825;21,525
"2018-05-24 13:00:00";;21,175;22,275
"2018-05-24 14:00:00";;21,15;23
"2018-05-24 15:00:00";;21,2;23,65
"2018-05-24 16:00:00";;21,25;23,95
"2018-05-24 17:00:00";;21,3;24
"2018-05-24 18:00:00";;21,3;23,775
"2018-05-24 19:00:00";;21,525;23,425
"2018-05-24 19:14:47";1
"2018-05-24 20:00:00";;21,6;23,05
"2018-05-24 21:00:00";;21,6;22,5
"2018-05-24 22:00:00";;22;22,225
"2018-05-24 23:00:00";;22,125;22,025
"2018-05-25 00:00:00";;22,15;21,775
"2018-05-25 00:19:53";0
"2018-05-25 01:00:00";;22,1;21,475
"2018-05-25 02:00:00";;22,1;21,2
"2018-05-25 03:00:00";;22,1;20,825
"2018-05-25 04:00:00";;22,05;20,425
"2018-05-25 05:00:00";;22;20,05
"2018-05-25 06:00:00";;22;19,8
"2018-05-25 07:00:00";;21,95;19,7
"2018-05-25 07:57:43";1
"2018-05-25 08:00:00";;21,575;19,925
"2018-05-25 09:00:00";;21,4;20,575
"2018-05-25 10:00:00";;21,45;21,45
"2018-05-25 11:00:00";;21,625;22,5
"2018-05-25 12:00:00";;21,9;23,425
"2018-05-25 13:00:00";;22,15;24,15
"2018-05-25 14:00:00";;22,375;24,925
"2018-05-25 15:00:00";;22,675;25,425
"2018-05-25 16:00:00";;22,775;25,6
"2018-05-25 17:00:00";;22,8;25,05
"2018-05-25 18:00:00";;22,75;24,35
"2018-05-25 19:00:00";;22,7;24,125
"2018-05-25 20:00:00";;22,7;23,725
"2018-05-25 21:00:00";;22,7;23,325
"2018-05-25 22:00:00";;22,7;22,975
"2018-05-25 23:00:00";;22,725;22,625
"2018-05-25 23:58:58";0
"2018-05-26 00:00:00";;22,8;22,325
"2018-05-26 01:00:00";;22,85;22,075
"2018-05-26 02:00:00";;22,9;21,8
"2018-05-26 03:00:00";;22,875;21,625
"2018-05-26 04:00:00";;22,8;21,5
"2018-05-26 05:00:00";;22,775;21,325
"2018-05-26 06:00:00";;22,7;21,275
"2018-05-26 07:00:00";;22,7;21,15
"2018-05-26 08:00:00";;22,675;21,7
"2018-05-26 09:00:00";;22,6;22,275
"2018-05-26 10:00:00";;22,525;22,75
"2018-05-26 11:00:00";;22,5;22,65
"2018-05-26 12:00:00";;22,5;23,075
"2018-05-26 13:00:00";;22,5;23,825
"2018-05-26 14:00:00";;22,525;24,35
"2018-05-26 15:00:00";;22,675;25,125
"2018-05-26 15:41:53";1
"2018-05-26 16:00:00";;22,975;25,8
"2018-05-26 17:00:00";;23,175;25,875
"2018-05-26 18:00:00";;23,2;25,35
"2018-05-26 19:00:00";;23,25;25,025
"2018-05-26 20:00:00";;23,275;24,75
"2018-05-26 21:00:00";;23,3;24,5
"2018-05-26 22:00:00";;23,375;24,25
"2018-05-26 23:00:00";;23,4;23,95
"2018-05-27 00:00:00";;23,4;23,6
"2018-05-27 00:48:08";0
"2018-05-27 01:00:00";;23,4;23,425
"2018-05-27 02:00:00";;23,5;23,225
"2018-05-27 03:00:00";;23,5;22,85
"2018-05-27 04:00:00";;23,5;22,5
"2018-05-27 05:00:00";;23,5;22,35
"2018-05-27 06:00:00";;23,5;22,175
"2018-05-27 07:00:00";;23,5;22,1
"2018-05-27 08:00:00";;23,5;22,175
"2018-05-27 09:00:00";;23,55;22,65
"2018-05-27 09:21:15";1
"2018-05-27 10:00:00";;23,425;23,125
"2018-05-27 11:00:00";;23,35;23,7
"2018-05-27 12:00:00";;23,4;24,4
"2018-05-27 13:00:00";;23,45;25,025
"2018-05-27 14:00:00";;23,575;25,325
"2018-05-27 15:00:00";;23,725;26,025
"2018-05-27 16:00:00";;23,8;26,275
"2018-05-27 17:00:00";;23,9;25,75
"2018-05-27 18:00:00";;23,825;25,05
"2018-05-27 19:00:00";;23,5;23,5
"2018-05-27 20:00:00";;23,275;22,75
"2018-05-27 21:00:00";;23,2;22,55
"2018-05-27 22:00:00";;23,2;22,325
"2018-05-27 23:00:00";;23,15;21,925
"2018-05-28 00:00:00";;23,375;21,45
"2018-05-28 01:00:00";;23,3;21,225
"2018-05-28 02:00:00";;23,2;21,3
"2018-05-28 03:00:00";;23,125;21,3
"2018-05-28 04:00:00";;23,1;21,15
"2018-05-28 05:00:00";;22,975;20,9
"2018-05-28 06:00:00";;22,775;20,575
"2018-05-28 07:00:00";;22,6;20,45
"2018-05-28 08:00:00";;22,5;20,625
"2018-05-28 09:00:00";;22,375;20,9
"2018-05-28 10:00:00";;22,375;21,425
"2018-05-28 11:00:00";;22,275;21,55
"2018-05-28 12:00:00";;22,275;22,05
"2018-05-28 13:00:00";;22,475;22,8
"2018-05-28 14:00:00";;22,725;23,45
"2018-05-28 14:12:48";0
"2018-05-28 15:00:00";;22,9;24,125
"2018-05-28 16:00:00";;22,9;23,875
"2018-05-28 17:00:00";;22,9;23,025
"2018-05-28 18:00:00";;22,95;22,55
"2018-05-28 19:00:00";;23;21,575
"2018-05-28 20:00:00";;22,975;21,05
"2018-05-28 21:00:00";;22,925;21,075
"2018-05-28 22:00:00";;22,9;21,025
"2018-05-28 23:00:00";;22,9;20,775
"2018-05-29 00:00:00";;22,875;20,675
"2018-05-29 01:00:00";;22,8;20,5
"2018-05-29 02:00:00";;22,8;20,4
"2018-05-29 03:00:00";;22,8;20,4
"2018-05-29 04:00:00";;22,725;20,375
"2018-05-29 05:00:00";;22,7;20,1
"2018-05-29 06:00:00";;22,7;19,925
"2018-05-29 07:00:00";;22,7;20,075
"2018-05-29 08:00:00";;22,7;20,5
"2018-05-29 09:00:00";;22,7;21,1
"2018-05-29 10:00:00";;22,675;21,725
"2018-05-29 11:00:00";;22,625;22,35
"2018-05-29 12:00:00";;22,6;22,6
"2018-05-29 13:00:00";;22,7;23,1
"2018-05-29 14:00:00";;22,7;23,65
"2018-05-29 15:00:00";;22,75;24,275
"2018-05-29 16:00:00";;22,8;24,825
"2018-05-29 17:00:00";;22,85;24,775
"2018-05-29 18:00:00";;22,8;24,55
"2018-05-29 19:00:00";;22,8;24,25
"2018-05-29 20:00:00";;22,8;23,8
"2018-05-29 21:00:00";;22,9;23,25
"2018-05-29 22:00:00";;22,9;22,925
"2018-05-29 23:00:00";;22,9;22,5
"2018-05-30 00:00:00";;22,9;22,175
"2018-05-30 01:00:00";;22,9;21,85
"2018-05-30 02:00:00";;22,9;21,625
"2018-05-30 03:00:00";;22,9;21,425
"2018-05-30 04:00:00";;22,9;21,25
"2018-05-30 05:00:00";;22,9;21,05
"2018-05-30 06:00:00";;22,8;20,9
"2018-05-30 07:00:00";;22,8;20,925
"2018-05-30 08:00:00";;22,8;21,2
"2018-05-30 09:00:00";;22,8;21,575
"2018-05-30 10:00:00";;22,8;21,725
"2018-05-30 11:00:00";;22,8;22,6
"2018-05-30 12:00:00";;22,8;23,2
"2018-05-30 13:00:00";;22,9;23,525
"2018-05-30 14:00:00";;22,9;23,825
"2018-05-30 15:00:00";;22,9;23,35
"2018-05-30 16:00:00";;22,9;22,225
"2018-05-30 17:00:00";;22,9;21,475
"2018-05-30 18:00:00";;22,9;20,775
"2018-05-30 19:00:00";;22,9;20,8
"2018-05-30 20:00:00";;22,9;20,7
"2018-05-30 21:00:00";;22,825;20,65
"2018-05-30 22:00:00";;22,8;20,6
"2018-05-30 23:00:00";;22,8;20,575
"2018-05-31 00:00:00";;22,8;20,425
"2018-05-31 01:00:00";;22,775;20,325
"2018-05-31 02:00:00";;22,7;20,2
"2018-05-31 03:00:00";;22,7;20
"2018-05-31 04:00:00";;22,7;19,825
"2018-05-31 05:00:00";;22,7;19,725
"2018-05-31 06:00:00";;22,65;19,4
"2018-05-31 07:00:00";;22,6;19,35
"2018-05-31 08:00:00";;22,6;19,625
"2018-05-31 09:00:00";;22,6;20
"2018-05-31 10:00:00";;22,575;20,5
"2018-05-31 11:00:00";;22,5;20,65
"2018-05-31 12:00:00";;22,5;20,925
"2018-05-31 13:00:00";;22,5;21,275
"2018-05-31 14:00:00";;22,5;21,9
"2018-05-31 15:00:00";;22,5;22,025
"2018-05-31 16:00:00";;22,525;22,45
"2018-05-31 17:00:00";;22,55;22,4
"2018-05-31 18:00:00";;22,5;21,975
"2018-05-31 19:00:00";;22,5;21,675
"2018-05-31 20:00:00";;22,5;21,5
"2018-05-31 21:00:00";;22,5;21,175
"2018-05-31 22:00:00";;22,5;20,9
"2018-05-31 23:00:00";;22,575;20,625
"2018-06-01 00:00:00";;22,7;20,425
"2018-06-01 01:00:00";;22,7;20,325
"2018-06-01 02:00:00";;22,65;20,125
"2018-06-01 03:00:00";;22,6;19,9
"2018-06-01 04:00:00";;22,6;19,625
"2018-06-01 05:00:00";;22,6;19,325
"2018-06-01 06:00:00";;22,575;19,225
"2018-06-01 07:00:00";;22,5;19,3
"2018-06-01 08:00:00";;22,5;19,725
"2018-06-01 08:36:31";1
"2018-06-01 09:00:00";;22,325;20,35
"2018-06-01 10:00:00";;22,2;21,425
"2018-06-01 11:00:00";;22,2;22,35
"2018-06-01 12:00:00";;22,2;22,325
"2018-06-01 13:00:00";;22,275;22,975
"2018-06-01 14:00:00";;22,4;23,85
"2018-06-01 15:00:00";;22,6;24,325
"2018-06-01 16:00:00";;22,725;24
"2018-06-01 17:00:00";;22,8;23,775
"2018-06-01 18:00:00";;22,8;23,6
"2018-06-01 19:00:00";;22,8;23,275
"2018-06-01 20:00:00";;22,8;22,9
"2018-06-01 21:00:00";;22,8;22,55
"2018-06-01 22:00:00";;22,725;22,2
"2018-06-01 23:00:00";;22,7;21,925
"2018-06-02 00:00:00";;22,7;21,725
"2018-06-02 01:00:00";;22,8;21,275
"2018-06-02 02:00:00";;22,875;20,85
"2018-06-02 03:00:00";;22,775;20,525
"2018-06-02 04:00:00";;22,7;20,225
"2018-06-02 05:00:00";;22,65;19,925
"2018-06-02 06:00:00";;22,5;19,7
"2018-06-02 07:00:00";;22,475;19,725
"2018-06-02 08:00:00";;22,35;20,025
"2018-06-02 09:00:00";;22,375;20,675
"2018-06-02 10:00:00";;22,4;21,7
"2018-06-02 11:00:00";;22,45;22,675
"2018-06-02 12:00:00";;22,55;23,1
"2018-06-02 13:00:00";;22,675;23,575
"2018-06-02 14:00:00";;22,8;24,25
"2018-06-02 15:00:00";;23;24,65
"2018-06-02 16:00:00";;23,15;24,85
"2018-06-02 17:00:00";;23,2;24,825
"2018-06-02 18:00:00";;23,2;24,6
"2018-06-02 19:00:00";;23,2;24,35
"2018-06-02 20:00:00";;23,2;23,975
"2018-06-02 21:00:00";;23,2;23,55
"2018-06-02 22:00:00";;23,2;23,275
"2018-06-02 23:00:00";;23,2;22,95
"2018-06-03 00:00:00";;23,15;22,65
"2018-06-03 01:00:00";;23,225;22,25
"2018-06-03 02:00:00";;23,2;22,05
"2018-06-03 03:00:00";;23,2;21,8
"2018-06-03 04:00:00";;23,225;21,625
"2018-06-03 05:00:00";;23,3;21,6
"2018-06-03 06:00:00";;23,3;21,55
"2018-06-03 07:00:00";;23,2;21,575
"2018-06-03 08:00:00";;23,175;21,775
"2018-06-03 09:00:00";;23,025;22,15
"2018-06-03 10:00:00";;22,925;22,85
"2018-06-03 11:00:00";;23,025;23,625
"2018-06-03 12:00:00";;23,2;24,35
"2018-06-03 13:00:00";;23,4;25
"2018-06-03 14:00:00";;23,6;25,4
"2018-06-03 15:00:00";;23,7;25,625
"2018-06-03 16:00:00";;23,725;25,675
"2018-06-03 17:00:00";;23,825;25,6
"2018-06-03 18:00:00";;23,875;24,925
"2018-06-03 19:00:00";;23,525;23,65
"2018-06-03 20:00:00";;23,3;23,2
"2018-06-03 21:00:00";;23,3;22,85
"2018-06-03 22:00:00";;23,2;22,525
"2018-06-03 23:00:00";;23,275;22,225
"2018-06-04 00:00:00";;23,4;21,975
"2018-06-04 01:00:00";;23,4;21,775
"2018-06-04 02:00:00";;23,4;21,6
"2018-06-04 03:00:00";;23,25;21,35
"2018-06-04 04:00:00";;23,2;21
"2018-06-04 05:00:00";;23,1;20,75
"2018-06-04 06:00:00";;23;20,675
"2018-06-04 07:00:00";;22,9;20,7
"2018-06-04 08:00:00";;22,775;20,725
"2018-06-04 09:00:00";;22,9;21,25
"2018-06-04 10:00:00";;22,8;22,05
"2018-06-04 11:00:00";;22,85;22,95
"2018-06-04 12:00:00";;22,975;23,85
"2018-06-04 13:00:00";;23,15;24,6
"2018-06-04 14:00:00";;23,275;24,725
"2018-06-04 15:00:00";;23,475;25,275
"2018-06-04 16:00:00";;23,6;25,225
"2018-06-04 17:00:00";;23,5;24,225
"2018-06-04 18:00:00";;23,35;23,5
"2018-06-04 19:00:00";;23,15;22,875
"2018-06-04 20:00:00";;22,925;22,225
"2018-06-04 21:00:00";;22,9;21,975
"2018-06-04 22:00:00";;22,9;21,8
"2018-06-04 23:00:00";;23;21,6
"2018-06-05 00:00:00";;23,325;21,475
"2018-06-05 01:00:00";;23,3;21,325
"2018-06-05 02:00:00";;23,3;21,2
"2018-06-05 03:00:00";;23,3;21,125
"2018-06-05 04:00:00";;23,2;21,075
"2018-06-05 05:00:00";;23;20,85
"2018-06-05 06:00:00";;22,9;20,675
"2018-06-05 07:00:00";;22,825;20,675
"2018-06-05 08:00:00";;22,85;20,925
"2018-06-05 09:00:00";;22,775;21,325
"2018-06-05 10:00:00";;22,7;22,125
"2018-06-05 11:00:00";;22,725;22,6
"2018-06-05 12:00:00";;22,85;23,45
"2018-06-05 13:00:00";;23;23,65
"2018-06-05 14:00:00";;23,075;23,775
"2018-06-05 15:00:00";;23,2;24,4
"2018-06-06 21:00:00";;23,725;23,9
"2018-06-06 22:00:00";;23,65;23,425
"2018-06-06 23:00:00";;23,55;23,05
"2018-06-07 00:00:00";;23,575;22,75
"2018-06-07 01:00:00";;23,775;22,45
"2018-06-07 02:00:00";;23,7;22,15
"2018-06-07 03:00:00";;23,7;22,025
"2018-06-07 04:00:00";;23,7;21,875
"2018-06-07 05:00:00";;23,625;21,775
"2018-06-07 06:00:00";;23,525;21,675
"2018-06-07 07:00:00";;23,5;21,65
"2018-06-07 08:00:00";;23,4;21,7
"2018-06-07 09:00:00";;23,175;21,875
"2018-06-07 10:00:00";;22,975;22,25
"2018-06-07 11:00:00";;22,85;22,775
"2018-06-07 12:00:00";;22,925;23,475
"2018-06-07 13:00:00";;23,125;24,175
"2018-06-07 14:00:00";;23,35;24,9
"2018-06-07 15:00:00";;23,55;25,15
"2018-06-07 15:52:04";0
"2018-06-07 16:00:00";;23,75;25,45
"2018-06-07 17:00:00";;23,85;25,75
"2018-06-07 18:00:00";;23,9;25,4
"2018-06-07 19:00:00";;23,9;24,625
"2018-06-07 20:00:00";;23,8;24,05
"2018-06-07 20:17:49";1
"2018-06-07 21:00:00";;23,65;23,15
"2018-06-07 22:00:00";;23,45;22,3
"2018-06-07 23:00:00";;23,4;22,1
"2018-06-08 00:00:00";;23,4;21,85
"2018-06-08 01:00:00";;23,475;21,675
"2018-06-08 02:00:00";;23,6;21,55
"2018-06-08 03:00:00";;23,6;21,4
"2018-06-08 04:00:00";;23,6;21,3
"2018-06-08 05:00:00";;23,525;21,15
"2018-06-08 06:00:00";;23,475;21,025
"2018-06-08 07:00:00";;23,5;21,1
"2018-06-08 08:00:00";;23,6;21,275
"2018-06-08 09:00:00";;23,5;21,725
"2018-06-08 10:00:00";;23,3;22,3
"2018-06-08 11:00:00";;23,225;22,85
"2018-06-08 12:00:00";;23,325;23,425
"2018-06-08 13:00:00";;23,425;24
"2018-06-08 14:00:00";;23,55;24,25
"2018-06-08 15:00:00";;23,7;24,875
"2018-06-08 16:00:00";;23,775;24,775
"2018-06-08 17:00:00";;23,675;23,9
"2018-06-08 18:00:00";;23,575;23,575
"2018-06-08 19:00:00";;23,6;23,8
"2018-06-08 20:00:00";;23,65;23,475
"2018-06-08 21:00:00";;23,6;23,075
"2018-06-08 22:00:00";;23,6;22,8
"2018-06-08 23:00:00";;23,6;22,575
"2018-06-09 00:00:00";;23,65;22,35
"2018-06-09 01:00:00";;24;22,15
"2018-06-09 02:00:00";;23,925;21,95
"2018-06-09 03:00:00";;23,9;21,725
"2018-06-09 04:00:00";;23,8;21,475
"2018-06-09 05:00:00";;23,75;21,25
"2018-06-09 06:00:00";;23,625;21,075
"2018-06-09 07:00:00";;23,175;20,975
"2018-06-09 08:00:00";;22,925;21,1
"2018-06-09 09:00:00";;22,95;21,4
"2018-06-09 10:00:00";;22,925;22,15
"2018-06-09 11:00:00";;23,075;23,15
"2018-06-09 12:00:00";;23,325;24,025
"2018-06-09 13:00:00";;23,6;24,675
"2018-06-09 14:00:00";;23,825;25,3
"2018-06-09 15:00:00";;24,025;25,825
"2018-06-09 16:00:00";;24,175;26,275
"2018-06-09 17:00:00";;24,2;26,275
"2018-06-09 18:00:00";;24,275;26,275
"2018-06-09 19:00:00";;24,35;26,025
"2018-06-09 20:00:00";;24,3;25,625
"2018-06-09 21:00:00";;24,3;25,225
"2018-06-09 22:00:00";;24,3;24,85
"2018-06-09 23:00:00";;24,425;24,5
"2018-06-10 00:00:00";;24,475;24,225
"2018-06-10 01:00:00";;24,5;23,95
"2018-06-10 02:00:00";;24,5;23,65
"2018-06-10 03:00:00";;24,4;23,35
"2018-06-10 04:00:00";;24,325;22,95
"2018-06-10 05:00:00";;24,2;22,575
"2018-06-10 06:00:00";;23,95;22,275
"2018-06-10 07:00:00";;23,925;22,25
"2018-06-10 08:00:00";;23,75;22,4
"2018-06-10 09:00:00";;23,425;22,8
"2018-06-10 10:00:00";;23,575;23,5
"2018-06-10 11:00:00";;23,85;24,375
"2018-06-10 12:00:00";;24,2;25,25
"2018-06-10 13:00:00";;24,325;25,775
"2018-06-10 14:00:00";;24,45;26,625
"2018-06-10 15:00:00";;24,625;27,025
"2018-06-10 16:00:00";;24,9;27,375
"2018-06-10 17:00:00";;25,1;27,475
"2018-06-10 18:00:00";;25,3;27,5
"2018-06-10 19:00:00";;25,425;27,225
"2018-06-10 20:00:00";;25,275;26,525
"2018-06-10 21:00:00";;25,05;25,575
"2018-06-10 22:00:00";;24,95;25,15
"2018-06-10 23:00:00";;24,9;24,775
"2018-06-11 00:00:00";;25,075;24,575
"2018-06-11 01:00:00";;25,1;24,4
"2018-06-11 02:00:00";;25,1;24,35
"2018-06-11 03:00:00";;25,1;24,2
"2018-06-11 04:00:00";;25,075;24,075
"2018-06-11 05:00:00";;25;23,8
"2018-06-11 06:00:00";;24,925;23,575
"2018-06-11 07:00:00";;24,675;23,225
"2018-06-11 08:00:00";;24,225;22,425
"2018-06-11 09:00:00";;23,7;21,95
"2018-06-11 10:00:00";;23,325;21,65
"2018-06-11 11:00:00";;23,4;22,275
"2018-06-11 12:00:00";;23,525;23,275
"2018-06-11 13:00:00";;23,7;24,1
"2018-06-11 14:00:00";;24;24,95
"2018-06-11 15:00:00";;24,25;25,35
"2018-06-11 16:00:00";;24,5;25,825
"2018-06-11 17:00:00";;24,575;25,25
"2018-06-11 18:00:00";;24,35;24,4
"2018-06-11 19:00:00";;24,125;23,525
"2018-06-11 20:00:00";;23,875;22,8
"2018-06-11 21:00:00";;23,85;22,4
"2018-06-11 22:00:00";;23,9;22,3
"2018-06-11 23:00:00";;23,8;21,975
"2018-06-12 00:00:00";;23,875;21,675
"2018-06-12 01:00:00";;24,075;21,525
"2018-06-12 02:00:00";;24;21,4
"2018-06-12 03:00:00";;24;21,225
"2018-06-12 04:00:00";;23,975;21,025
"2018-06-12 05:00:00";;23,9;21,05
"2018-06-12 06:00:00";;23,75;20,85
"2018-06-12 07:00:00";;23,6;20,85
"2018-06-12 08:00:00";;23,6;21,1
"2018-06-12 09:00:00";;23,375;21,35
"2018-06-12 10:00:00";;23,3;21,425
"2018-06-12 11:00:00";;23,275;22,1
"2018-06-12 12:00:00";;23,225;22,45
"2018-06-12 13:00:00";;23,35;23,05
"2018-06-12 14:00:00";;23,525;23,825
"2018-06-12 15:00:00";;23,675;24,45
"2018-06-12 16:00:00";;23,8;24,65
"2018-06-12 17:00:00";;23,8;24,6
"2018-06-12 18:00:00";;23,8;24,225
"2018-06-12 19:00:00";;23,7;22,825
"2018-06-12 20:00:00";;23,5;22,125
"2018-06-12 21:00:00";;23,375;21,875
"2018-06-12 22:00:00";;23,4;21,5
"2018-06-12 23:00:00";;23,425;21,075
"2018-06-13 00:00:00";;23,75;20,875
"2018-06-13 01:00:00";;23,8;20,85
"2018-06-13 02:00:00";;23,8;20,825
"2018-06-13 03:00:00";;23,775;20,775
"2018-06-13 04:00:00";;23,7;20,575
"2018-06-13 05:00:00";;23,625;20,25
"2018-06-13 06:00:00";;23,475;19,825
"2018-06-13 07:00:00";;23,3;19,45
"2018-06-13 08:00:00";;23,225;19,425
"2018-06-13 09:00:00";;22,9;19,6
"2018-06-13 10:00:00";;22,7;19,875
"2018-06-13 11:00:00";;22,75;20,75
"2018-06-13 12:00:00";;22,625;21,275
"2018-06-13 13:00:00";;22,6;21,5
"2018-06-13 14:00:00";;22,6;21,75
"2018-06-13 15:00:00";;22,6;22,075
"2018-06-13 16:00:00";;22,6;22,25
"2018-06-13 17:00:00";;22,625;22,425
"2018-06-13 18:00:00";;22,65;22,25
"2018-06-13 19:00:00";;22,675;21,8
"2018-06-13 20:00:00";;22,65;21,375
"2018-06-13 21:00:00";;22,6;20,9
"2018-06-13 22:00:00";;22,6;20,4
"2018-06-13 23:00:00";;22,5;20
"2018-06-14 00:00:00";;22,525;19,625
"2018-06-14 00:32:21";0
"2018-06-14 01:00:00";;22,75;19,35
"2018-06-14 02:00:00";;22,9;19,125
"2018-06-14 03:00:00";;23;18,8
"2018-06-14 04:00:00";;23;18,45
"2018-06-14 05:00:00";;22,95;18,1
"2018-06-14 06:00:00";;22,9;17,775
"2018-06-14 07:00:00";;22,8;17,675
"2018-06-14 08:00:00";;22,8;17,925
"2018-06-14 08:58:01";1
"2018-06-14 09:00:00";;22,7;18,45
"2018-06-14 10:00:00";;22,2;19,275
"2018-06-14 11:00:00";;22,025;20,1
"2018-06-14 12:00:00";;22;20,95
"2018-06-14 13:00:00";;22,1;21,675
"2018-06-14 14:00:00";;22,225;22,15
"2018-06-14 15:00:00";;22,375;22,625
"2018-06-14 16:00:00";;22,575;23,05
"2018-06-14 17:00:00";;22,675;23,3
"2018-06-14 18:00:00";;22,7;23,2
"2018-06-14 19:00:00";;22,65;22,875
"2018-06-14 20:00:00";;22,6;22,4
"2018-06-14 21:00:00";;22,55;22,025
"2018-06-14 22:00:00";;22,6;21,575
"2018-06-14 23:00:00";;22,55;21,3
"2018-06-15 00:00:00";;22,65;21
"2018-06-15 01:00:00";;22,8;20,65
"2018-06-15 02:00:00";;22,725;20,35
"2018-06-15 03:00:00";;22,7;20,225
"2018-06-15 04:00:00";;22,7;20
"2018-06-15 05:00:00";;22,7;19,8
"2018-06-15 06:00:00";;22,6;19,475
"2018-06-15 07:00:00";;22,55;19,425
"2018-06-15 08:00:00";;22,475;19,625
"2018-06-15 09:00:00";;22,25;20,275
"2018-06-15 10:00:00";;22,05;20,875
"2018-06-15 11:00:00";;22;21,4
"2018-06-15 12:00:00";;22,075;22,275
"2018-06-15 13:00:00";;22,225;22,825
"2018-06-15 14:00:00";;22,475;23,45
"2018-06-15 15:00:00";;22,75;23,975
"2018-06-15 16:00:00";;22,9;24,4
"2018-06-15 17:00:00";;22,975;24,125
"2018-06-15 18:00:00";;23;24,075
"2018-06-15 19:00:00";;23,075;23,95
"2018-06-15 20:00:00";;23,1;23,675
"2018-06-15 21:00:00";;23,1;23,225
"2018-06-15 22:00:00";;23,05;22,85
"2018-06-15 23:00:00";;23;22,375
"2018-06-16 00:00:00";;22,975;21,7
"2018-06-16 01:00:00";;22,975;21,275
"2018-06-16 02:00:00";;23;21
"2018-06-16 03:00:00";;23;20,75
"2018-06-16 04:00:00";;23;20,675
"2018-06-16 05:00:00";;23,1;20,475
"2018-06-16 06:00:00";;23,025;20,3
"2018-06-16 07:00:00";;22,9;20,275
"2018-06-16 08:00:00";;22,85;20,55
"2018-06-16 09:00:00";;22,925;21,075
"2018-06-16 10:00:00";;23,175;22,075
"2018-06-16 11:00:00";;23,1;22,85
"2018-06-16 12:00:00";;23,1;23,575
"2018-06-16 13:00:00";;23,125;24,175
"2018-06-16 14:00:00";;23,225;24,7
"2018-06-16 15:00:00";;23,375;25,225
"2018-06-16 16:00:00";;23,475;25,55
"2018-06-16 17:00:00";;23,575;25,675
"2018-06-16 18:00:00";;23,6;25,125
"2018-06-16 19:00:00";;23,6;24,775
"2018-06-16 20:00:00";;23,6;24,525
"2018-06-16 21:00:00";;23,6;24,175
"2018-06-16 22:00:00";;23,6;23,85
"2018-06-16 23:00:00";;23,6;23,45
"2018-06-17 00:00:00";;23,525;23,1
"2018-06-17 01:00:00";;23,45;22,575
"2018-06-17 02:00:00";;23,35;22,25
"2018-06-17 03:00:00";;23,3;21,95
"2018-06-17 04:00:00";;23,275;21,65
"2018-06-17 05:00:00";;23,2;21,375
"2018-06-17 06:00:00";;23,2;21,175
"2018-06-17 07:00:00";;23,1;20,95
"2018-06-17 08:00:00";;22,9;20,95
"2018-06-17 09:00:00";;22,775;21,375
"2018-06-17 10:00:00";;22,8;21,95
"2018-06-17 11:00:00";;22,8;22,675
"2018-06-17 12:00:00";;22,95;23,225
"2018-06-17 13:00:00";;23;23,325
"2018-06-17 14:00:00";;23,1;23,625
"2018-06-17 15:00:00";;23,175;24,15
"2018-06-17 16:00:00";;23,275;24,65
"2018-06-17 17:00:00";;23,3;24,65
"2018-06-17 18:00:00";;23,3;24,35
"2018-06-17 19:00:00";;23,3;23,975
"2018-06-17 20:00:00";;23,3;23,725
"2018-06-17 21:00:00";;23,3;23,05
"2018-06-17 22:00:00";;23,3;22,55
"2018-06-17 23:00:00";;23,3;22,15
"2018-06-18 00:00:00";;23,4;21,7
"2018-06-18 01:00:00";;23,35;21,2
"2018-06-18 02:00:00";;23,275;20,925
"2018-06-18 03:00:00";;23,175;20,6
"2018-06-18 04:00:00";;23,075;20,35
"2018-06-18 05:00:00";;22,875;20,125
"2018-06-18 06:00:00";;22,7;19,725
"2018-06-18 07:00:00";;22,6;19,525
"2018-06-18 08:00:00";;22,625;19,9
"2018-06-18 09:00:00";;22,325;20,45
"2018-06-18 10:00:00";;22,275;21,425
"2018-06-18 11:00:00";;22,425;22,275
"2018-06-18 12:00:00";;22,633333;23,1
"2018-06-18 13:00:00";;22,8;23,5
"2018-06-18 14:00:00";;22,975;23,95
"2018-06-18 15:00:00";;23,166667;24,533333
"2018-06-18 16:00:00";;23,3;24,625
"2018-06-18 17:00:00";;23,4;24,3
"2018-06-18 18:00:00";;23,375;23,875
"2018-06-18 19:00:00";;23,55;23,525
"2018-06-18 20:00:00";;23,4;23,15
"2018-06-18 21:00:00";;23,325;22,8
"2018-06-18 22:00:00";;23,3;22,5
"2018-06-18 23:00:00";;23,3;22,15
"2018-06-19 00:00:00";;23,325;21,75
"2018-06-19 01:00:00";;23,5;21,35
"2018-06-19 02:00:00";;23,4;21
"2018-06-19 03:00:00";;23,35;20,8
"2018-06-19 04:00:00";;23,35;20,7
"2018-06-19 05:00:00";;23,225;20,55
"2018-06-19 06:00:00";;23,15;20,35
"2018-06-19 07:00:00";;23;20,325
"2018-06-19 08:00:00";;22,975;20,65
"2018-06-19 09:00:00";;23;21,35
"2018-06-19 10:00:00";;23;22,4
"2018-06-19 11:00:00";;23,125;23,2
"2018-06-19 12:00:00";;23,25;23,9
"2018-06-19 13:00:00";;23,4;24,4
"2018-06-19 14:00:00";;23,55;24,825
"2018-06-19 15:00:00";;23,775;25,35
"2018-06-19 16:00:00";;24;25,75
"2018-06-19 17:00:00";;24,125;25,85
"2018-06-19 18:00:00";;24,2;25,7
"2018-06-19 19:00:00";;24,2;25,5
"2018-06-19 20:00:00";;24,2;25,25
"2018-06-19 21:00:00";;24,2;24,925
"2018-06-19 22:00:00";;24,225;24,6
"2018-06-19 23:00:00";;24,3;24,366667
"2018-06-23 14:00:00";;24,2;22,82
"2018-06-23 15:00:00";;24,2;23,375
"2018-06-23 16:00:00";;24,3;23,9
"2018-06-23 16:29:25";0
"2018-06-23 17:00:00";;24,3;24,1
"2018-06-23 18:00:00";;24,3;24,125
"2018-06-23 19:00:00";;24,225;24,025
"2018-06-23 20:00:00";;24,2;23,725
"2018-06-23 21:00:00";;24,2;23,275
"2018-06-23 22:00:00";;24,2;22,75
"2018-06-23 23:00:00";;24,2;22,275
"2018-06-24 00:00:00";;24,2;21,825
"2018-06-24 00:50:06";1
"2018-06-24 01:00:00";;24,175;21,5
"2018-06-24 02:00:00";;24,05;21,15
"2018-06-24 03:00:00";;23,95;21
"2018-06-24 04:00:00";;23,875;20,85
"2018-06-24 05:00:00";;23,775;20,7
"2018-06-24 06:00:00";;23,725;20,7
"2018-06-24 07:00:00";;23,65;20,525
"2018-06-24 08:00:00";;23,6;20,7
"2018-06-24 09:00:00";;23,4;21,05
"2018-06-24 10:00:00";;23;21,425
"2018-06-24 11:00:00";;23;22,05
"2018-06-24 12:00:00";;23,175;22,8
"2018-06-24 13:00:00";;23,4;23,375
"2018-06-24 14:00:00";;23,6;23,975
"2018-06-24 15:00:00";;23,8;24,625
"2018-06-24 16:00:00";;23,975;25,025
"2018-06-24 17:00:00";;24,1;25,025
"2018-06-24 18:00:00";;24,175;24,9
"2018-06-24 19:00:00";;24,125;24,6
"2018-06-24 20:00:00";;24,1;24,25
"2018-06-24 21:00:00";;24,1;23,75
"2018-06-24 22:00:00";;24,1;23,35
"2018-06-24 23:00:00";;24,025;22,95
"2018-06-25 00:00:00";;24;22,55
"2018-06-25 01:00:00";;24,15;22,225
"2018-06-25 02:00:00";;24,2;21,85
"2018-06-25 03:00:00";;24,125;21,45
"2018-06-25 04:00:00";;24,025;21,15
"2018-06-25 05:00:00";;23,925;20,725
"2018-06-25 06:00:00";;23,75;20,45
"2018-06-25 07:00:00";;23,625;20,275
"2018-06-25 08:00:00";;23,425;20,35
"2018-06-25 09:00:00";;23,2;20,65
"2018-06-25 10:00:00";;23,125;21,425
"2018-06-25 11:00:00";;23,275;22,325
"2018-06-25 12:00:00";;23,375;23,3
"2018-06-25 13:00:00";;23,55;23,975
"2018-06-25 14:00:00";;23,7;24,325
"2018-06-25 15:00:00";;23,9;24,75
"2018-06-25 16:00:00";;24,1;25,25
"2018-06-25 17:00:00";;24,275;25,475
"2018-06-25 18:00:00";;24,375;25,45
"2018-06-25 19:00:00";;24,35;25,2
"2018-06-25 20:00:00";;24,35;24,85
"2018-06-25 21:00:00";;24,3;24,4
"2018-06-25 22:00:00";;24,3;23,975
"2018-06-25 23:00:00";;24,225;23,55
"2018-06-26 00:00:00";;24,125;23,075
"2018-06-26 01:00:00";;24,025;22,575
"2018-06-26 02:00:00";;23,9;22,15
"2018-06-26 03:00:00";;23,8;21,825
"2018-06-26 04:00:00";;23,75;21,625
"2018-06-26 05:00:00";;23,625;21,375
"2018-06-26 06:00:00";;23,375;20,95
"2018-06-26 07:00:00";;23,15;20,725
"2018-06-26 08:00:00";;23,05;20,725
"2018-06-26 09:00:00";;22,85;21
"2018-06-26 10:00:00";;22,725;21,55
"2018-06-26 11:00:00";;22,85;22,425
"2018-06-26 12:00:00";;23,15;23,425
"2018-06-26 13:00:00";;23,45;24,1
"2018-06-26 14:00:00";;23,675;24,65
"2018-06-26 15:00:00";;23,9;25,175
"2018-06-26 16:00:00";;24,1;25,75
"2018-06-26 17:00:00";;24,325;26,075
"2018-06-26 18:00:00";;24,45;26,225
"2018-06-26 19:00:00";;24,5;26
"2018-06-26 20:00:00";;24,5;25,775
"2018-06-26 21:00:00";;24,55;25,45
"2018-06-26 22:00:00";;24,6;25,15
"2018-06-26 23:00:00";;24,6;24,925
"2018-06-27 00:00:00";;24,6;24,65
"2018-06-27 01:00:00";;24,6;24,25
"2018-06-27 02:00:00";;24,5;23,9
"2018-06-27 03:00:00";;24,425;23,55
"2018-06-27 04:00:00";;24,375;23,3
"2018-06-27 05:00:00";;24,3;23,025
"2018-06-27 06:00:00";;24,175;22,65
"2018-06-27 07:00:00";;24,1;22,425
"2018-06-27 08:00:00";;24;22,475
"2018-06-27 09:00:00";;23,975;22,75
"2018-06-27 10:00:00";;23,975;23,4
"2018-06-27 11:00:00";;24,075;24,25
"2018-06-27 12:00:00";;24,3;25,125
"2018-06-27 13:00:00";;24,45;25,85
"2018-06-27 14:00:00";;24,625;26,225
"2018-06-27 15:00:00";;24,75;26,65
"2018-06-27 16:00:00";;24,933333;27,066667
"2018-06-27 17:00:00";;25,125;27,35
"2018-06-27 18:00:00";;25,2;27,25
"2018-06-27 19:00:00";;25,2;27,05
"2018-06-27 20:00:00";;25,2;26,7
"2018-06-27 21:00:00";;25,2;26,25
"2018-06-27 22:00:00";;25,2;25,775
"2018-06-27 23:00:00";;25,2;25,3
"2018-06-28 00:00:00";;25,1;24,86
"2018-06-28 01:00:00";;25,1;24,425
"2018-06-28 02:00:00";;25,1;24,025
"2018-06-28 03:00:00";;25;23,65
"2018-06-28 04:00:00";;24,95;23,3
"2018-06-28 05:00:00";;24,9;23,025
"2018-06-28 06:00:00";;24,8;22,7
"2018-06-28 07:00:00";;24,675;22,4
"2018-06-28 08:00:00";;24,6;22,325
"2018-06-28 09:00:00";;24,525;22,55
"2018-06-28 10:00:00";;24,425;23,125
"2018-06-28 11:00:00";;24,475;23,9
"2018-06-28 12:00:00";;24,575;24,775
"2018-06-28 13:00:00";;24,7;25,45
"2018-06-28 14:00:00";;24,95;25,925
"2018-06-30 11:00:00";;25,625;25,85
"2018-06-30 12:00:00";;25,875;26,75
"2018-06-30 13:00:00";;26,125;27,55
"2018-06-30 14:00:00";;26,4;28,2
"2018-06-30 15:00:00";;26,7;28,775
"2018-06-30 16:00:00";;26,975;29,275
"2018-06-30 17:00:00";;27,1;29,45
"2018-06-30 18:00:00";;27,15;29,225
"2018-06-30 19:00:00";;27,025;28,875
"2018-06-30 20:00:00";;27;28,7
"2018-06-30 21:00:00";;26,95;28,2
"2018-06-30 22:00:00";;26,9;27,725
"2018-06-30 22:18:44";0
"2018-06-30 23:00:00";;26,9;27,325
"2018-07-01 00:00:00";;26,9;27,025
"2018-07-01 00:43:05";1
"2018-07-01 01:00:00";;26,8;26,725
"2018-07-01 02:00:00";;26,8;26,4
"2018-07-01 03:00:00";;26,75;26,075
"2018-07-01 04:00:00";;26,7;25,775
"2018-07-01 05:00:00";;26,6;25,475
"2018-07-01 06:00:00";;26,5;25,175
"2018-07-01 07:00:00";;26,4;25,025
"2018-07-01 08:00:00";;26,4;25,15
"2018-07-01 09:00:00";;26,4;25,6
"2018-07-01 10:00:00";;26,4;26,3
"2018-07-01 11:00:00";;26,525;27,075
"2018-07-01 12:00:00";;26,75;28,025
"2018-07-01 13:00:00";;27,025;28,95
"2018-07-01 14:00:00";;27,225;29,55
"2018-07-01 15:00:00";;27,5;30,225
"2018-07-01 16:00:00";;27,725;30,8
"2018-07-01 17:00:00";;27,8;31,025
"2018-07-01 18:00:00";;27,975;31,1
"2018-07-01 19:00:00";;28,275;31,225
"2018-07-01 20:00:00";;28,175;30,475
"2018-07-01 21:00:00";;28,025;29,675
"2018-07-01 22:00:00";;27,925;29,075
"2018-07-01 23:00:00";;27,9;28,6
"2018-07-02 00:00:00";;27,925;28,2
"2018-07-02 01:00:00";;27,95;27,75
"2018-07-02 02:00:00";;27,775;27,35
"2018-07-02 03:00:00";;27,6;26,8
"2018-07-02 04:00:00";;27,5;26,475
"2018-07-02 05:00:00";;27,425;26,2
"2018-07-02 06:00:00";;27,2;25,8
"2018-07-02 07:00:00";;26,95;25,45
"2018-07-02 08:00:00";;26,825;25,45
"2018-07-02 09:00:00";;26,575;25,825
"2018-07-02 10:00:00";;26,6;26,675
"2018-07-02 11:00:00";;27,1;27,65
"2018-07-02 12:00:00";;27,575;28,55
"2018-07-02 13:00:00";;27,625;29,2
"2018-07-02 14:00:00";;27,75;29,725
"2018-07-02 15:00:00";;27,925;30,175
"2018-07-02 16:00:00";;28,325;30,625
"2018-07-02 17:00:00";;28,625;30,6
"2018-07-02 18:00:00";;28,725;30,225
"2018-07-02 19:00:00";;28,5;29,975
"2018-07-02 20:00:00";;28,35;29,55
"2018-07-02 21:00:00";;28,3;29,2
"2018-07-02 22:00:00";;28,3;28,925
"2018-07-02 23:00:00";;28,3;28,7
"2018-07-03 00:00:00";;28,35;28,425
"2018-07-03 01:00:00";;28,225;26,975
"2018-07-03 02:00:00";;28,1;24,525
"2018-07-03 03:00:00";;28,025;24,725
"2018-07-03 04:00:00";;27,95;24,625
"2018-07-03 05:00:00";;27,7;24,425
"2018-07-03 06:00:00";;27,55;24,25
"2018-07-03 07:00:00";;27,5;24,075
"2018-07-03 08:00:00";;27,35;24,325
"2018-07-03 09:00:00";;26,875;24,85
"2018-07-03 10:00:00";;26,55;25,775
"2018-07-03 11:00:00";;26,85;26,8
"2018-07-03 12:00:00";;27,2;27,675
"2018-07-03 13:00:00";;27,475;28,275
"2018-07-03 14:00:00";;27,6;28,45
"2018-07-03 15:00:00";;27,575;27,725
"2018-07-03 16:00:00";;27,425;26,975
"2018-07-03 17:00:00";;27,4;27,625
"2018-07-03 18:00:00";;27,475;27,85
"2018-07-03 19:00:00";;27,5;27,625
"2018-07-03 20:00:00";;27,475;27,025
"2018-07-03 21:00:00";;27,15;26,375
"2018-07-03 22:00:00";;26,9;26,075
"2018-07-03 23:00:00";;27,125;25,925
"2018-07-04 00:00:00";;27,3;25,7
"2018-07-04 01:00:00";;27,35;25,475
"2018-07-04 02:00:00";;27,3;25,25
"2018-07-04 03:00:00";;27,225;24,9
"2018-07-04 04:00:00";;27,15;24,625
"2018-07-04 05:00:00";;26,7;23,95
"2018-07-04 06:00:00";;26,275;23,475
"2018-07-04 07:00:00";;26,325;23,6
"2018-07-04 08:00:00";;26,2;24,05
"2018-07-04 09:00:00";;25,55;24,5
"2018-07-04 10:00:00";;25,575;25,4
"2018-07-04 11:00:00";;26;26,25
"2018-07-04 12:00:00";;26,575;27,125
"2018-07-04 13:00:00";;27,25;27,875
"2018-07-04 14:00:00";;27,7;28,5
"2018-07-04 14:41:52";0
"2018-07-04 15:00:00";;27,5;29,25
"2018-07-04 16:00:00";;27,325;29,075
"2018-07-04 17:00:00";;27,325;28,825
"2018-07-04 17:40:21";1
"2018-07-04 18:00:00";;27,575;28,8
"2018-07-04 19:00:00";;27,7;28,375
"2018-07-04 20:00:00";;27,45;27,5
"2018-07-04 21:00:00";;26,75;26,35
"2018-07-04 22:00:00";;26,05;25,2
"2018-07-04 23:00:00";;25,45;24,55
"2018-07-05 00:00:00";;25,175;24,6
"2018-07-05 01:00:00";;25,7;24,35
"2018-07-05 02:00:00";;26,225;24,175
"2018-07-05 03:00:00";;26,35;24,025
"2018-07-05 04:00:00";;26,15;23,525
"2018-07-05 05:00:00";;25,575;23,125
"2018-07-05 06:00:00";;25,075;22,9
"2018-07-05 07:00:00";;25,475;23
"2018-07-05 08:00:00";;24,975;23,175
"2018-07-05 09:00:00";;24,375;23,55
"2018-07-05 10:00:00";;24,475;24,45
"2018-07-05 11:00:00";;24,7;25,075
"2018-07-05 12:00:00";;25,075;25,45
"2018-07-05 12:19:48";0
"2018-07-05 14:00:00";;25,85;26,325
"2018-07-05 15:00:00";;26,15;27,075
"2018-07-05 16:00:00";;26,275;27,55
"2018-07-05 17:00:00";;26,3;27,1
"2018-07-05 18:00:00";;26,3;25,975
"2018-07-05 19:00:00";;26,375;25,375
"2018-07-05 20:00:00";;26,4;25,2
"2018-07-05 21:00:00";;26,45;25,05
"2018-07-05 22:00:00";;26,5;24,775
"2018-07-05 23:00:00";;26,5;24,375
"2018-07-06 00:00:00";;26,55;24,075
"2018-07-06 01:00:00";;26,6;23,55
"2018-07-06 02:00:00";;26,6;23,45
"2018-07-06 03:00:00";;26,6;23,5
"2018-07-06 04:00:00";;26,6;23,425
"2018-07-06 05:00:00";;26,6;23,25
"2018-07-06 06:00:00";;26,6;23,025
"2018-07-06 07:00:00";;26,5;23
"2018-07-06 08:00:00";;26,5;23,15
"2018-07-06 09:00:00";;26,425;23,55
"2018-07-06 09:24:26";1
"2018-07-06 10:00:00";;26,125;24,05
"2018-07-06 11:00:00";;25,925;24,7
"2018-07-06 12:00:00";;25,825;24,95
"2018-07-06 13:00:00";;25,75;25,4
"2018-07-06 14:00:00";;25,75;25,875
"2018-07-06 15:00:00";;26;26,525
"2018-07-06 16:00:00";;26,2;27,1
"2018-07-06 17:00:00";;26,35;27,125
"2018-07-06 18:00:00";;26,375;26,75
"2018-07-06 19:00:00";;26,3;26,475
"2018-07-06 20:00:00";;26,25;25,975
"2018-07-06 21:00:00";;26,2;25,55
"2018-07-06 22:00:00";;26,2;25,175
"2018-07-06 23:00:00";;26,15;24,825
"2018-07-07 00:00:00";;26,15;24,475
"2018-07-07 01:00:00";;26,3;24,25
"2018-07-07 02:00:00";;26,3;23,975
"2018-07-07 03:00:00";;26,25;23,775
"2018-07-07 04:00:00";;26,175;23,425
"2018-07-07 05:00:00";;26,1;23,075
"2018-07-07 06:00:00";;26;22,9
"2018-07-07 07:00:00";;25,9;23
"2018-07-07 08:00:00";;25,8;23,25
"2018-07-07 09:00:00";;25,775;23,7
"2018-07-07 10:00:00";;25,8;24,625
"2018-07-07 11:00:00";;25,85;25,825
"2018-07-07 12:00:00";;25,9;26,3
"2018-07-07 14:00:00";;26,175;27,3
"2018-07-07 15:00:00";;26,35;27,825
"2018-07-07 16:00:00";;26,525;28,25
"2018-07-07 17:00:00";;26,65;28,425
"2018-07-07 18:00:00";;26,7;28,3
"2018-07-07 19:00:00";;26,7;28
"2018-07-07 20:00:00";;26,7;27,6
"2018-07-07 21:00:00";;26,6;27,1
"2018-07-07 22:00:00";;26,6;26,625
"2018-07-07 23:00:00";;26,6;26,25
"2018-07-08 00:00:00";;26,525;25,925
"2018-07-08 01:00:00";;26,5;25,7
"2018-07-08 02:00:00";;26,45;25,375
"2018-07-08 03:00:00";;26,35;24,95
"2018-07-08 04:00:00";;26,175;24,55
"2018-07-08 05:00:00";;26,05;24,275
"2018-07-08 06:00:00";;25,95;23,925
"2018-07-08 07:00:00";;25,9;23,75
"2018-07-08 08:00:00";;26;23,95
"2018-07-08 09:00:00";;26,05;24,325
"2018-07-08 10:00:00";;25,95;24,925
"2018-07-08 11:00:00";;26;25,65
"2018-07-08 12:00:00";;26,25;26,55
"2018-07-08 13:00:00";;26,45;27,2
"2018-07-08 14:00:00";;26,55;27,575
"2018-07-08 15:00:00";;26,75;28
"2018-07-08 16:00:00";;26,9;28,3
"2018-07-08 17:00:00";;27;28,5
"2018-07-08 18:00:00";;27,1;28,4
"2018-07-08 19:00:00";;27,025;28,175
"2018-07-08 20:00:00";;27;27,7
"2018-07-08 21:00:00";;27;27,2
"2018-07-08 22:00:00";;26,9;26,775
"2018-07-08 23:00:00";;26,7;26,425
"2018-07-09 00:00:00";;26,65;26
"2018-07-09 01:00:00";;26,8;25,55
"2018-07-09 02:00:00";;26,8;25,15
"2018-07-09 03:00:00";;26,7;24,8
"2018-07-09 04:00:00";;26,625;24,45
"2018-07-09 05:00:00";;26,5;24,125
"2018-07-09 06:00:00";;26,425;23,95
"2018-07-09 07:00:00";;26,25;23,875
"2018-07-09 08:00:00";;26,175;23,95
"2018-07-09 09:00:00";;26,1;24,175
"2018-07-09 10:00:00";;26,075;24,825
"2018-07-09 11:00:00";;26,075;25,675
"2018-07-09 12:00:00";;26,15;26,575
"2018-07-09 12:51:36";0
"2018-07-09 13:00:00";;26,375;27,3
"2018-07-09 14:00:00";;26,5;27,75
"2018-07-09 15:00:00";;26,6;28,175
"2018-07-09 16:00:00";;26,75;28,65
"2018-07-09 17:00:00";;26,8;28,8
"2018-07-09 18:00:00";;26,9;28,75
"2018-07-09 18:10:59";1
"2018-07-09 19:00:00";;26,9;28,5
"2018-07-09 20:00:00";;27;28,025
"2018-07-09 21:00:00";;27;27,575
"2018-07-09 22:00:00";;27;27,15
"2018-07-09 23:00:00";;27,05;26,925
"2018-07-10 00:00:00";;27,1;26,4
"2018-07-10 01:00:00";;27;25,95
"2018-07-10 02:00:00";;26,925;25,9
"2018-07-10 03:00:00";;26,825;25,9
"2018-07-10 04:00:00";;26,725;25,3
"2018-07-10 05:00:00";;26,6;24,5
"2018-07-10 06:00:00";;26,45;24,3
"2018-07-10 06:53:25";0
"2018-07-10 07:00:00";;26,2;23,875
"2018-07-10 08:00:00";;26,475;23,925
"2018-07-10 09:00:00";;26,6;24,125
"2018-07-10 10:00:00";;26,65;24,7
"2018-07-10 11:00:00";;26,7;25,7
"2018-07-10 12:00:00";;26,7;26,425
"2018-07-10 13:00:00";;26,75;26,975
"2018-07-10 14:00:00";;26,8;27,55
"2018-07-10 15:00:00";;26,9;27,925
"2018-07-10 16:00:00";;26,975;28,275
"2018-07-10 17:00:00";;27;28,325
"2018-07-10 18:00:00";;27;28,25
"2018-07-10 19:00:00";;27;27,9
"2018-07-10 20:00:00";;27;27,45
"2018-07-10 21:00:00";;27;26,975
"2018-07-10 22:00:00";;27;26,525
"2018-07-10 23:00:00";;27;26,25
"2018-07-11 00:00:00";;27;25,65
"2018-07-11 01:00:00";;27;25
"2018-07-11 02:00:00";;27;24,125
"2018-07-11 03:00:00";;27;23,425
"2018-07-11 04:00:00";;26,925;22,675
"2018-07-11 05:00:00";;26,9;22,2
"2018-07-11 06:00:00";;26,825;21,75
"2018-07-11 07:00:00";;26,775;21,375
"2018-07-11 08:00:00";;26,7;21,325
"2018-07-11 09:00:00";;26,625;21,65
"2018-07-11 10:00:00";;26,575;22,15
"2018-07-11 11:00:00";;26,5;22,95
"2018-07-11 12:00:00";;26,5;23,7
"2018-07-11 13:00:00";;26,5;24,25
"2018-07-11 14:00:00";;26,5;24,7
"2018-07-11 15:00:00";;26,525;25,15
"2018-07-11 16:00:00";;26,6;25,675
"2018-07-11 17:00:00";;26,6;25,95
"2018-07-11 18:00:00";;26,6;25,9
"2018-07-11 19:00:00";;26,6;25,6
"2018-07-11 20:00:00";;26,525;25,25
"2018-07-11 21:00:00";;26,5;24,875
"2018-07-11 21:31:27";1
"2018-07-11 22:00:00";;25,975;24,55
"2018-07-11 22:43:20";0
"2018-07-11 23:00:00";;25,725;24,075
"2018-07-12 00:00:00";;26,325;23,65
"2018-07-12 01:00:00";;26,45;23,125
"2018-07-12 02:00:00";;26,5;22,675
"2018-07-12 03:00:00";;26,425;22,325
"2018-07-12 04:00:00";;26,4;21,95
"2018-07-12 05:00:00";;26,325;21,6
"2018-07-12 06:00:00";;26,25;21,175
"2018-07-12 07:00:00";;26,2;21,1
"2018-07-12 08:00:00";;25,675;21,3
"2018-07-12 08:01:23";1
"2018-07-12 09:00:00";;23,725;21,7
"2018-07-12 10:00:00";;23,45;22,5
"2018-07-12 11:00:00";;23,875;23,675
"2018-07-12 11:21:30";0
"2018-07-12 12:00:00";;24,5;24,3
"2018-07-12 13:00:00";;25,05;24,825
"2018-07-12 14:00:00";;25,525;25,875
"2018-07-12 15:00:00";;25,6;26,5
"2018-07-12 16:00:00";;25,7;26,925
"2018-07-12 17:00:00";;25,8;27
"2018-07-12 17:40:05";1
"2018-07-12 18:00:00";;25,9;26,675
"2018-07-12 19:00:00";;26;26,4
"2018-07-12 20:00:00";;26;26,15
"2018-07-12 21:00:00";;26;25,8
"2018-07-12 22:00:00";;26;25,425
"2018-07-12 23:00:00";;25,9;25,075
"2018-07-13 00:00:00";;25,8;24,7
"2018-07-13 01:00:00";;26,1;24,275
"2018-07-13 02:00:00";;26,1;24,05
"2018-07-13 03:00:00";;26,1;23,65
"2018-07-13 04:00:00";;26,1;23,425
"2018-07-13 05:00:00";;26,075;23,15
"2018-07-13 06:00:00";;25,9;22,9
"2018-07-13 07:00:00";;25,7;22,625
"2018-07-13 08:00:00";;25,675;22,725
"2018-07-13 09:00:00";;25,525;23,25
"2018-07-13 10:00:00";;25,35;23,95
"2018-07-13 11:00:00";;25,375;25,275
"2018-07-13 11:14:44";0
"2018-07-13 12:00:00";;25,6;25,925
"2018-07-13 13:00:00";;25,775;26,575
"2018-07-13 14:00:00";;25,875;27,175
"2018-07-13 15:00:00";;25,975;28,1
"2018-07-13 16:00:00";;26,075;28,675
"2018-07-13 17:00:00";;26,125;28,7
"2018-07-13 17:31:44";1
"2018-07-13 18:00:00";;26,35;28,825
"2018-07-13 19:00:00";;26,5;28,325
"2018-07-13 20:00:00";;26,5;27,9
"2018-07-13 21:00:00";;26,5;27,45
"2018-07-13 22:00:00";;26,5;27,1
"2018-07-13 23:00:00";;26,5;26,825
"2018-07-14 00:00:00";;26,55;26,475
"2018-07-14 00:20:49";0
"2018-07-14 00:27:10";1
"2018-07-14 01:00:00";;26,7;26,125
"2018-07-14 02:00:00";;26,65;25,6
"2018-07-14 03:00:00";;26,7;25,425
"2018-07-14 04:00:00";;26,7;25,275
"2018-07-14 05:00:00";;26,7;25,1
"2018-07-14 06:00:00";;26,65;24,85
"2018-07-14 07:00:00";;26,525;24,6
"2018-07-14 07:51:17";0
"2018-07-14 08:00:00";;26,575;24,625
"2018-07-14 09:00:00";;26,6;25,075
"2018-07-14 10:00:00";;26,625;25,9
"2018-07-14 10:30:12";1
"2018-07-14 11:00:00";;26,625;27
"2018-07-14 12:00:00";;26,625;27,675
"2018-07-14 13:00:00";;26,75;28,3
"2018-07-14 14:00:00";;26,875;28,775
"2018-07-14 15:00:00";;27,025;29,175
"2018-07-14 16:00:00";;27,225;29,675
"2018-07-14 17:00:00";;27,325;29,775
"2018-07-14 18:00:00";;27,275;29,025
"2018-07-14 19:00:00";;27,1;26,225
"2018-07-14 20:00:00";;26,85;24,225
"2018-07-14 21:00:00";;26,8;24,425
"2018-07-14 22:00:00";;26,8;24,325
"2018-07-14 23:00:00";;26,725;24,3
"2018-07-15 00:00:00";;26,7;24,225
"2018-07-15 01:00:00";;26,6;24,05
"2018-07-15 02:00:00";;26,75;23,875
"2018-07-15 03:00:00";;26,9;23,8
"2018-07-15 04:00:00";;26,9;23,65
"2018-07-15 05:00:00";;26,825;23,55
"2018-07-15 06:00:00";;26,725;23,35
"2018-07-15 07:00:00";;26,6;23,275
"2018-07-15 08:00:00";;26,525;23,25
"2018-07-15 09:00:00";;26,45;23,175
"2018-07-15 10:00:00";;26,4;24,075
"2018-07-15 11:00:00";;26,45;25,225
"2018-07-15 12:00:00";;26,4;26,125
"2018-07-15 13:00:00";;26,45;26,75
"2018-07-15 14:00:00";;26,675;27,45
"2018-07-15 15:00:00";;26,85;27,95
"2018-07-15 16:00:00";;26,95;27,95
"2018-07-15 17:00:00";;26,375;25,775
"2018-07-15 18:00:00";;25,9;24,05
"2018-07-15 19:00:00";;25,975;24,575
"2018-07-15 20:00:00";;26,15;24,85
"2018-07-15 21:00:00";;26,2;24,675
"2018-07-15 22:00:00";;26,025;23,975
"2018-07-15 23:00:00";;26;23,625
"2018-07-16 00:00:00";;26,125;23,55
"2018-07-16 00:19:58";0
"2018-07-16 01:00:00";;26,475;23,275
"2018-07-16 02:00:00";;26,5;23,075
"2018-07-16 03:00:00";;26,5;22,975
"2018-07-16 04:00:00";;26,5;22,8
"2018-07-16 05:00:00";;26,5;22,45
"2018-07-16 06:00:00";;26,475;22,1
"2018-07-16 07:00:00";;26,4;22,1
"2018-07-16 08:00:00";;26,35;22,225
"2018-07-16 09:00:00";;26,375;22,85
"2018-07-16 10:00:00";;25,825;23,675
"2018-07-16 10:10:39";1
"2018-07-16 11:00:00";;25,275;24,7
"2018-07-16 12:00:00";;25,55;25,55
"2018-07-16 13:00:00";;25,9;26,35
"2018-07-16 14:00:00";;26,15;27,075
"2018-07-16 15:00:00";;26,325;27,575
"2018-07-16 16:00:00";;26,4;28,05
"2018-07-16 17:00:00";;26,5;27,975
"2018-07-16 18:00:00";;26,5;27,825
"2018-07-16 19:00:00";;26,55;27,475
"2018-07-16 20:00:00";;26,45;26,725
"2018-07-16 21:00:00";;26,35;26,125
"2018-07-16 22:00:00";;26,15;25,725
"2018-07-16 23:00:00";;25,95;25,525
"2018-07-17 00:00:00";;25,975;25,15
"2018-07-17 01:00:00";;26,425;24,825
"2018-07-17 02:00:00";;26,5;24,675
"2018-07-17 03:00:00";;26,525;24,525
"2018-07-17 04:00:00";;26,525;24,375
"2018-07-17 05:00:00";;26,5;24,2
"2018-07-17 06:00:00";;26,275;23,875
"2018-07-17 07:00:00";;26,2;23,775
"2018-07-17 08:00:00";;26,15;23,8
"2018-07-17 09:00:00";;26,05;24,2
"2018-07-17 10:00:00";;25,9;24,875
"2018-07-17 11:00:00";;25,875;25,75
"2018-07-17 12:00:00";;26;26,5
"2018-07-17 13:00:00";;26,2;27,05
"2018-07-17 14:00:00";;26,35;27,55
"2018-07-17 14:04:53";0
"2018-07-17 15:00:00";;26,425;28,025
"2018-07-17 16:00:00";;26,5;28,3
"2018-07-17 17:00:00";;26,5;28,325
"2018-07-17 18:00:00";;26,5;28,075
"2018-07-17 19:00:00";;26,5;27,575
"2018-07-17 20:00:00";;26,5;27,15
"2018-07-17 21:00:00";;26,5;26,75
"2018-07-17 22:00:00";;26,5;26,375
"2018-07-17 23:00:00";;26,525;26
"2018-07-17 23:25:26";1
"2018-07-18 00:00:00";;26,775;25,5
"2018-07-18 01:00:00";;26,725;24,9
"2018-07-18 02:00:00";;26,65;24,475
"2018-07-18 03:00:00";;26,55;24,25
"2018-07-18 04:00:00";;26,5;23,95
"2018-07-18 05:00:00";;26,35;23,55
"2018-07-18 06:00:00";;26,125;23,175
"2018-07-18 07:00:00";;25,975;23,125
"2018-07-18 08:00:00";;25,925;23,45
"2018-07-18 09:00:00";;25,75;24,05
"2018-07-18 10:00:00";;25,75;24,8
"2018-07-18 11:00:00";;25,85;25,85
"2018-07-18 12:00:00";;26;26,625
"2018-07-18 13:00:00";;26,2;27,125
"2018-07-18 14:00:00";;26,4;27,575
"2018-07-18 15:00:00";;26,55;28
"2018-07-18 16:00:00";;26,725;28,425
"2018-07-18 17:00:00";;26,825;28,5
"2018-07-18 18:00:00";;26,9;28,4
"2018-07-18 19:00:00";;26,9;28,175
"2018-07-18 20:00:00";;26,925;27,825
"2018-07-18 21:00:00";;27,075;27,45
"2018-07-18 22:00:00";;27,1;27,05
"2018-07-18 23:00:00";;27,1;26,725
"2018-07-19 00:00:00";;27,25;26,3
"2018-07-19 01:00:00";;27,175;26,05
"2018-07-19 02:00:00";;27,1;25,775
"2018-07-19 03:00:00";;27,05;25,525
"2018-07-19 04:00:00";;26,95;25,225
"2018-07-19 05:00:00";;26,85;24,85
"2018-07-19 06:00:00";;26,65;24,45
"2018-07-19 07:00:00";;26,425;24,225
"2018-07-19 08:00:00";;26,425;24,475
"2018-07-19 09:00:00";;26,4;25,05
"2018-07-19 10:00:00";;26,45;25,925
"2018-07-19 11:00:00";;26,55;26,875
"2018-07-19 12:00:00";;26,75;27,725
"2018-07-19 13:00:00";;26,925;28,275
"2018-07-19 14:00:00";;27,05;28,725
"2018-07-19 15:00:00";;27,275;29,175
"2018-07-19 16:00:00";;27,45;29,525
"2018-07-19 17:00:00";;27,5;29,575
"2018-07-19 18:00:00";;27,6;29,425
"2018-07-19 19:00:00";;27,6;29,2
"2018-07-19 20:00:00";;27,6;28,8
"2018-07-19 21:00:00";;27,6;28,425
"2018-07-19 22:00:00";;27,675;28,05
"2018-07-19 23:00:00";;27,7;27,75
"2018-07-20 00:00:00";;27,7;27,35
"2018-07-20 01:00:00";;27,775;26,925
"2018-07-20 02:00:00";;27,7;26,625
"2018-07-20 03:00:00";;27,65;26,275
"2018-07-20 04:00:00";;27,6;25,925
"2018-07-20 05:00:00";;27,55;25,65
"2018-07-20 06:00:00";;27,425;25,375
"2018-07-20 07:00:00";;27,25;25,2
"2018-07-20 08:00:00";;27,075;25,05
"2018-07-20 09:00:00";;26,875;25,325
"2018-07-20 10:00:00";;26,825;26,25
"2018-07-20 11:00:00";;26,85;26,4
"2018-07-20 12:00:00";;26,875;26,95
"2018-07-20 13:00:00";;27,05;27,45
"2018-07-20 14:00:00";;27,25;28,175
"2018-07-20 15:00:00";;27,45;28,825
"2018-07-20 16:00:00";;27,425;28
"2018-07-20 17:00:00";;26,8;25,725
"2018-07-20 18:00:00";;26,5;25,05
"2018-07-20 19:00:00";;26,425;24,725
"2018-07-20 20:00:00";;26,05;24,225
"2018-07-20 21:00:00";;26,05;24,175
"2018-07-20 22:00:00";;26,3;23,975
"2018-07-20 23:00:00";;26,375;23,775
"2018-07-21 00:00:00";;25,875;23,15
"2018-07-21 00:39:31";0
"2018-07-21 01:00:00";;26,475;22,975
"2018-07-21 02:00:00";;26,8;23,15
"2018-07-21 03:00:00";;26,975;23,05
"2018-07-21 04:00:00";;27;22,975
"2018-07-21 05:00:00";;27;23
"2018-07-21 06:00:00";;27;22,775
"2018-07-21 07:00:00";;27;22,525
"2018-07-21 08:00:00";;26,925;22,65
"2018-07-21 09:00:00";;26,85;23
"2018-07-21 09:54:41";1
"2018-07-21 10:00:00";;25,7;23,525
"2018-07-21 11:00:00";;24,975;24,175
"2018-07-21 12:00:00";;25,15;24,975
"2018-07-21 13:00:00";;25,45;25,4
"2018-07-21 14:00:00";;25,825;25,725
"2018-07-21 15:00:00";;26,025;26,225
"2018-07-21 16:00:00";;26,125;26,525
"2018-07-21 17:00:00";;26,275;26,6
"2018-07-21 18:00:00";;26,425;26,4
"2018-07-21 19:00:00";;26,575;26,175
"2018-07-21 20:00:00";;26,4;25,775
"2018-07-21 21:00:00";;26,225;25,275
"2018-07-21 22:00:00";;26,1;24,75
"2018-07-21 23:00:00";;26,025;24,175
"2018-07-22 00:00:00";;26,05;23,8
"2018-07-22 00:24:32";0
"2018-07-22 01:00:00";;26,475;23,55
"2018-07-22 02:00:00";;26,65;23,325
"2018-07-22 03:00:00";;26,625;23,1
"2018-07-22 04:00:00";;26,6;23
"2018-07-22 05:00:00";;26,6;22,9
"2018-07-22 06:00:00";;26,55;22,6
"2018-07-22 07:00:00";;26,5;22,775
"2018-07-22 08:00:00";;26,5;23,1
"2018-07-22 09:00:00";;26,5;23,525
"2018-07-22 10:00:00";;26,375;24,325
"2018-07-22 10:52:43";1
"2018-07-22 11:00:00";;26,175;25,15
"2018-07-22 12:00:00";;26,1;25,75
"2018-07-22 13:00:00";;26,1;26,375
"2018-07-22 14:00:00";;26,225;26,85
"2018-07-22 15:00:00";;26,375;27,275
"2018-07-22 16:00:00";;26,5;27,575
"2018-07-22 17:00:00";;26,55;27,55
"2018-07-22 18:00:00";;26,55;27,325
"2018-07-22 19:00:00";;26,5;26,95
"2018-07-22 20:00:00";;26,5;26,5
"2018-07-22 21:00:00";;26,5;26,1
"2018-07-22 22:00:00";;26,45;25,7
"2018-07-22 23:00:00";;26,4;25,25
"2018-07-23 00:00:00";;26,5;24,825
"2018-07-23 01:00:00";;26,5;24,425
"2018-07-23 02:00:00";;26,425;24,15
"2018-07-23 03:00:00";;26,35;23,85
"2018-07-23 04:00:00";;26,275;23,575
"2018-07-23 05:00:00";;26,2;23,425
"2018-07-23 06:00:00";;26,375;23,225
"2018-07-23 06:03:06";0
"2018-07-23 07:00:00";;26,4;23,1
"2018-07-23 08:00:00";;26,425;23,375
"2018-07-23 09:00:00";;26,35;24,15
"2018-07-23 09:18:11";1
"2018-07-23 10:00:00";;26,2;25,075
"2018-07-23 11:00:00";;26,2;25,875
"2018-07-23 12:00:00";;26,3;26,7
"2018-07-23 13:00:00";;26,425;27,4
"2018-07-23 14:00:00";;26,55;27,95
"2018-07-23 15:00:00";;26,7;28,425
"2018-07-23 16:00:00";;26,875;28,8
"2018-07-23 17:00:00";;27;28,775
"2018-07-23 18:00:00";;27;28,55
"2018-07-23 19:00:00";;27;28,225
"2018-07-23 20:00:00";;27;27,825
"2018-07-23 21:00:00";;27;27,3
"2018-07-23 22:00:00";;26,95;26,875
"2018-07-23 23:00:00";;26,9;26,55
"2018-07-24 00:00:00";;27;26,175
"2018-07-24 01:00:00";;27,1;25,85
"2018-07-24 02:00:00";;27,025;25,6
"2018-07-24 03:00:00";;27;25,25
"2018-07-24 04:00:00";;27;24,95
"2018-07-24 05:00:00";;26,925;24,725
"2018-07-24 06:00:00";;26,8;24,4
"2018-07-24 07:00:00";;26,675;24,3
"2018-07-24 08:00:00";;26,55;24,55
"2018-07-24 09:00:00";;26,075;25,225
"2018-07-24 10:00:00";;25,975;26,025
"2018-07-24 11:00:00";;26,425;26,95
"2018-07-24 12:00:00";;26,9;27,7
"2018-07-24 12:47:00";0
"2018-07-24 12:56:07";1
"2018-07-24 13:00:00";;27;28,35
"2018-07-24 14:00:00";;27,1;28,95
"2018-07-24 15:00:00";;27,3;29,65
"2018-07-24 16:00:00";;27,4;30,025
"2018-07-24 17:00:00";;27,45;29,825
"2018-07-24 18:00:00";;27,5;29,525
"2018-07-24 19:00:00";;27,5;29,3
"2018-07-24 20:00:00";;27,5;28,775
"2018-07-24 21:00:00";;27,575;28,275
"2018-07-24 22:00:00";;27,6;27,9
"2018-07-24 23:00:00";;27,625;27,65
"2018-07-24 23:28:12";0
"2018-07-25 00:00:00";;27,8;27,4
"2018-07-25 01:00:00";;27,9;27,075
"2018-07-25 02:00:00";;27,825;26,775
"2018-07-25 03:00:00";;27,8;26,4
"2018-07-25 04:00:00";;27,8;26,05
"2018-07-25 05:00:00";;27,8;25,625
"2018-07-25 06:00:00";;27,75;25,275
"2018-07-25 07:00:00";;27,7;25,175
"2018-07-25 08:00:00";;27,35;25,45
"2018-07-25 08:27:08";1
"2018-07-25 09:00:00";;26,95;26,525
"2018-07-25 10:00:00";;27,175;27,45
"2018-07-25 11:00:00";;27,475;28,2
"2018-07-25 12:00:00";;27,6;28,975
"2018-07-25 12:00:23";0
"2018-07-25 13:00:00";;27,6;29,65
"2018-07-25 14:00:00";;27,675;30,25
"2018-07-25 15:00:00";;27,775;30,7
"2018-07-25 16:00:00";;27,875;30,8
"2018-07-25 17:00:00";;27,9;30,9
"2018-07-25 18:00:00";;27,975;30,7
"2018-07-25 18:32:38";1
"2018-07-25 19:00:00";;28,075;30,25
"2018-07-25 20:00:00";;28,1;29,7
"2018-07-25 21:00:00";;28,2;29,25
"2018-07-25 22:00:00";;28,2;28,875
"2018-07-25 23:00:00";;28,125;28,475
"2018-07-26 00:00:00";;28,15;28,125
"2018-07-26 01:00:00";;28,3;27,825
"2018-07-26 03:00:00";;28,3;27,25
"2018-07-26 04:00:00";;28,2;27
"2018-07-26 04:15:00";;28,2;26,9
"2018-07-26 04:30:00";;28,2;26,9
"2018-07-26 04:45:00";;28,2;26,8
"2018-07-26 05:00:00";;28,2;26,7
"2018-07-26 05:15:00";;28,2;26,7
"2018-07-26 05:30:00";;28,2;26,6
"2018-07-26 05:45:00";;28,2;26,5
"2018-07-26 06:00:00";;28,2;26,4
"2018-07-26 06:15:00";;28,2;26,4
"2018-07-26 06:30:00";;28,2;26,4
"2018-07-26 06:45:00";;28,2;26,4
"2018-07-26 07:00:00";;28,1;26,3
"2018-07-26 07:15:00";;28,1;26,3
"2018-07-26 07:30:00";;28,1;26,3
"2018-07-26 07:45:00";;28,1;26,3
"2018-07-26 08:00:00";;28,1;26,4
"2018-07-26 08:15:00";;28,1;26,4
"2018-07-26 08:30:00";;28,1;26,6
"2018-07-26 08:45:00";;28,1;26,6
"2018-07-26 09:00:00";;28;26,8
"2018-07-26 09:11:12";1
"2018-07-26 09:15:00";;27,9;26,8
"2018-07-26 09:30:00";;27,7;27
"2018-07-26 09:45:00";;27,7;27,1
"2018-07-26 10:00:00";;27,6;28,1
"2018-07-26 10:15:00";;27,6;28
"2018-07-26 10:30:00";;27,7;28
"2018-07-26 10:45:00";;27,7;28,1
"2018-07-26 11:00:00";;27,8;28,7
"2018-07-26 11:15:00";;27,9;28,7
"2018-07-26 11:30:00";;28;29,1
"2018-07-26 11:45:00";;28;29,1
"2018-07-26 12:00:00";;28;29,1
"2018-07-26 12:15:00";;28,1;29,2
"2018-07-26 12:30:00";;28,2;29,3
"2018-07-26 12:45:00";;28,4;29,5
"2018-07-26 13:00:00";;28,5;29,6
"2018-07-26 13:15:00";;28,7;29,9
"2018-07-26 13:30:00";;28,7;29,9
"2018-07-26 13:45:00";;28,8;30,1
"2018-07-26 14:00:00";;28,8;30,2
"2018-07-26 14:15:00";;28,9;30,4
"2018-07-26 14:30:00";;28,9;30,4
"2018-07-26 14:45:00";;29;30,6
"2018-07-26 15:00:00";;29;30,7
"2018-07-26 15:07:47";1
"2018-07-26 15:15:00";;29,1;30,8
"2018-07-26 15:30:00";;29,1;30,9
"2018-07-26 15:45:00";;29,2;31
"2018-07-26 16:00:00";;29,3;31,1
"2018-07-26 16:15:00";;29,3;31,3
"2018-07-26 16:30:00";;29,3;31,4
"2018-07-26 16:45:00";;29,4;31,4
"2018-07-26 17:00:00";;29,5;31,5
"2018-07-26 17:15:00";;29,6;31,4
"2018-07-26 17:15:45";0
"2018-07-26 17:30:00";;29,5;31,4
"2018-07-26 17:45:00";;29,5;31,4
"2018-07-26 18:00:00";;29,3;31,3
"2018-07-26 18:15:00";;29,3;31,3
"2018-07-26 18:30:00";;29,2;31,3
"2018-07-26 18:45:00";;29,2;31,2
"2018-07-26 19:00:00";;29,1;31,1
"2018-07-26 19:15:00";;29,1;31,1
"2018-07-26 19:30:00";;29;31
"2018-07-26 19:45:00";;29;31
"2018-07-26 20:00:00";;29;30,9
"2018-07-26 20:15:00";;28,9;30,8
"2018-07-26 20:30:00";;28,9;30,6
"2018-07-26 20:45:00";;28,9;30,6
"2018-07-26 21:00:00";;28,9;30,5
"2018-07-26 21:06:27";0
"2018-07-26 21:15:00";;28,9;30,4
"2018-07-26 21:30:00";;28,9;30,3
"2018-07-26 21:45:11";0;28,9;30,3